,Country,Year,Expenditure_per_Visitor
0,ALGERIA,1995,170.6422018348624
1,ALGERIA,1996,215.1029748283753
2,ALGERIA,1997,174.12333736396613
3,ALGERIA,1998,306.02957906712174
4,ALGERIA,1999,277.9623477297896
5,ALGERIA,2000,191.84890656063618
6,ALGERIA,2001,163.0252100840336
7,ALGERIA,2002,197.29514717581543
8,ALGERIA,2003,203.34928229665073
9,ALGERIA,2004,240.64925899788284
10,ALGERIA,2005,244.54725710508922
11,ALGERIA,2006,258.7101556708673
12,ALGERIA,2007,250.83388925950635
13,ALGERIA,2008,304.093567251462
14,ALGERIA,2009,271.91413237924866
15,ALGERIA,2010,342.0603301081389
16,ALGERIA,2011,307.2886297376093
17,ALGERIA,2012,276.81841967556255
18,ALGERIA,2013,220.5056179775281
19,ALGERIA,2014,214.15991546319125
20,ALGERIA,2015,188.29026937877956
21,ALGERIA,2016,104.63576158940397
22,ALGERIA,2017,114.66982997232108
23,ALGERIA,2018,88.77005347593582
24,ALGERIA,2019,111.3049546406141
25,ALGERIA,2020,168.83116883116884
27,ALGERIA,2022,144.8516579406632
30,ARGENTINA,1995,859.2398427260813
31,ARGENTINA,1996,834.2644320297951
32,ARGENTINA,1997,877.1308390524684
33,ARGENTINA,1998,921.1672473867595
34,ARGENTINA,1999,876.5148349352278
35,ARGENTINA,2000,893.3979406420351
36,ARGENTINA,2001,817.5136497270055
37,ARGENTINA,2002,773.936170212766
38,ARGENTINA,2003,813.1476683937824
39,ARGENTINA,2004,587.0153291253381
40,ARGENTINA,2005,622.6288774827048
41,ARGENTINA,2006,685.638649900728
42,ARGENTINA,2007,798.4983766233767
43,ARGENTINA,2008,845.3456221198156
44,ARGENTINA,2009,783.0139823925427
45,ARGENTINA,2010,813.9076113759658
46,ARGENTINA,2011,738.275143303804
47,ARGENTINA,2012,737.4321880650995
48,ARGENTINA,2013,602.6005688744413
49,ARGENTINA,2014,596.9866294152864
50,ARGENTINA,2015,530.587430655825
51,ARGENTINA,2016,519.1204076159828
52,ARGENTINA,2017,527.1741648519668
53,ARGENTINA,2018,579.5448373255119
54,ARGENTINA,2019,511.3340281396561
55,ARGENTINA,2020,707.1201370198189
56,ARGENTINA,2021,1263.5009310986964
57,ARGENTINA,2022,705.3605373209986
66,ARMENIA,2008,843.0232558139535
67,ARMENIA,2009,842.2053231939163
68,ARMENIA,2010,1028.4191829484903
69,ARMENIA,2011,960.8391608391609
70,ARMENIA,2012,832.1243523316062
71,ARMENIA,2013,858.7257617728532
72,ARMENIA,2014,854.7579298831386
73,ARMENIA,2015,839.0901432181971
74,ARMENIA,2016,776.7220902612827
75,ARMENIA,2017,784.7503373819163
76,ARMENIA,2018,789.8952556993222
77,ARMENIA,2019,797.1092077087794
80,ARMENIA,2022,1138.718173836699
81,AUSTRALIA,1995,2050.4168320762205
82,AUSTRALIA,1996,2166.9106881405564
83,AUSTRALIA,1997,2134.674394817593
84,AUSTRALIA,1998,1875.9886111989877
85,AUSTRALIA,1999,1925.545171339564
86,AUSTRALIA,2000,1826.186392224128
87,AUSTRALIA,2001,1665.6985187336625
88,AUSTRALIA,2002,1722.912453048252
89,AUSTRALIA,2003,2165.5844155844156
90,AUSTRALIA,2004,2441.519798580911
91,AUSTRALIA,2005,2470.3532380151387
92,AUSTRALIA,2006,2537.3406193078326
93,AUSTRALIA,2007,3012.4496521420724
94,AUSTRALIA,2008,3377.5826446280994
95,AUSTRALIA,2009,2985.65965583174
96,AUSTRALIA,2010,3175.8411938617487
97,AUSTRALIA,2011,3514.5095017976373
98,AUSTRALIA,2012,3419.142717973697
99,AUSTRALIA,2013,3768.2280159080865
100,AUSTRALIA,2014,3510.9704641350213
101,AUSTRALIA,2015,2975.5351681957186
102,AUSTRALIA,2016,2968.1424446583255
103,AUSTRALIA,2017,3576.0153677277717
104,AUSTRALIA,2017,3096.597145993414
105,AUSTRALIA,2018,3277.99701832851
106,AUSTRALIA,2019,2986.235375086029
107,AUSTRALIA,2020,2324.505649717514
109,AUSTRALIA,2022,3078.262533486414
110,AUSTRIA,2000,827.8427205100957
111,AUSTRIA,2001,787.9041916167664
112,AUSTRIA,2002,834.8657149770142
113,AUSTRIA,2003,1028.506679389313
114,AUSTRIA,2004,1103.4523951738145
115,AUSTRIA,2005,1135.2668778942236
116,AUSTRIA,2006,958.7731527584147
117,AUSTRIA,2007,1069.1575536654516
118,AUSTRIA,2008,1181.9778857083807
119,AUSTRIA,2009,1069.6571485031122
120,AUSTRIA,2010,1024.0841934831005
121,AUSTRIA,2011,1069.0702855985417
122,AUSTRIA,2012,911.2226277372263
123,AUSTRIA,2013,960.8284134570331
124,AUSTRIA,2014,1009.1868291795524
125,AUSTRIA,2015,877.7756868648852
126,AUSTRIA,2016,847.2342639153807
127,AUSTRIA,2017,937.0811939778957
128,AUSTRIA,2018,1067.9163270850313
129,AUSTRIA,2019,973.701898840531
130,AUSTRIA,2020,1131.180625630676
131,AUSTRIA,2021,977.2666843924488
132,AUSTRIA,2022,965.8832448824867
135,AZERBAIJAN,1997,284.4036697247706
136,AZERBAIJAN,1998,148.34205933682372
137,AZERBAIJAN,1999,115.4485049833887
138,AZERBAIJAN,2000,99.5475113122172
139,AZERBAIJAN,2001,96.46017699115045
140,AZERBAIJAN,2002,92.02453987730061
141,AZERBAIJAN,2003,75.2542372881356
142,AZERBAIJAN,2004,85.5397148676171
143,AZERBAIJAN,2005,89.61748633879782
144,AZERBAIJAN,2006,109.47712418300654
145,AZERBAIJAN,2007,161.8638871857756
146,AZERBAIJAN,2008,158.64939870490286
147,AZERBAIJAN,2009,85.92592592592592
148,AZERBAIJAN,2010,246.22166246851384
149,AZERBAIJAN,2011,475.77464788732397
150,AZERBAIJAN,2012,639.3908105317502
151,AZERBAIJAN,2013,671.4119019836639
152,AZERBAIJAN,2014,708.765315739868
153,AZERBAIJAN,2015,635.498046875
154,AZERBAIJAN,2016,582.4381130312938
155,AZERBAIJAN,2017,646.872718422974
156,AZERBAIJAN,2018,465.3626731866341
157,AZERBAIJAN,2019,305.67528735632186
158,AZERBAIJAN,2020,353.6480686695279
159,AZERBAIJAN,2021,576.4102564102565
160,AZERBAIJAN,2022,712.751677852349
161,AZERBAIJAN,2022,599.3288590604027
162,BAHRAIN,2015,457.9685687163801
163,BAHRAIN,2016,723.6562405101731
164,BAHRAIN,2017,733.4183673469388
165,BAHRAIN,2018,578.4518828451883
166,BAHRAIN,2019,583.0508474576271
167,BAHRAIN,2020,644.9468085106383
168,BANGLADESH,1995,281.9277108433735
169,BANGLADESH,1996,148.18880351262348
170,BANGLADESH,1997,205.54272517321016
171,BANGLADESH,1998,152.21774193548387
172,BANGLADESH,1999,191.2964641885766
173,BANGLADESH,2000,257.0921985815603
174,BANGLADESH,2001,153.48837209302326
175,BANGLADESH,2002,97.58203799654576
176,BANGLADESH,2003,116.69024045261669
177,BANGLADESH,2004,102.87539936102236
178,BANGLADESH,2005,79.79626485568761
179,BANGLADESH,2006,78.06487080813633
180,BANGLADESH,2007,67.0391061452514
181,BANGLADESH,2008,210.28571428571428
182,BANGLADESH,2009,110.47027506654835
183,BANGLADESH,2010,136.43491897543126
184,BANGLADESH,2011,156.08838740009404
185,BANGLADESH,2012,133.7439507259129
186,BANGLADESH,2013,239.72602739726028
187,BANGLADESH,2019,588.2352941176471
188,BELARUS,1997,117.6470588235294
189,BELARUS,1998,137.62486126526082
190,BELARUS,1999,124.19700214132763
191,BELARUS,2000,35.785288270377734
192,BELARUS,2001,84.15199258572753
193,BELARUS,2002,64.90258030542391
194,BELARUS,2003,52.32100708103855
195,BELARUS,2004,60.492001613120046
196,BELARUS,2005,62.5
197,BELARUS,2006,79.88004362050164
198,BELARUS,2007,75.47639805704321
199,BELARUS,2008,106.81784275697449
200,BELARUS,2009,94.58259325044405
201,BELARUS,2010,78.94402843000381
202,BELARUS,2011,74.79012973798015
203,BELARUS,2012,88.45291479820628
204,BELARUS,2013,120.74562781443083
205,BELARUS,2014,145.1108050582196
206,BELARUS,2015,116.8460640643237
207,BELARUS,2016,90.53870529651427
208,BELARUS,2017,98.93317230273752
209,BELARUS,2018,105.04077822541024
210,BELARUS,2019,110.05488043904352
211,BELARUS,2020,152.81850765721734
212,BELARUS,2021,181.58319870759289
213,BELGIUM,1996,1521.8777679362267
214,BELGIUM,1997,1045.9724430312665
215,BELGIUM,1998,1068.8014403292182
216,BELGIUM,1999,1524.9609984399376
217,BELGIUM,2000,1188.7291981845688
218,BELGIUM,2001,1487.9756468797564
219,BELGIUM,2002,1503.7649490624538
220,BELGIUM,2003,1679.9669785360484
221,BELGIUM,2004,1588.9787088694068
222,BELGIUM,2005,1602.658947142704
223,BELGIUM,2006,1983.4437086092714
224,BELGIUM,2007,2090.7896308684744
225,BELGIUM,2008,2196.804320918195
226,BELGIUM,2009,2165.356125356125
227,BELGIUM,2010,2143.1655493693897
228,BELGIUM,2011,2125.218464069086
229,BELGIUM,2012,2105.8897243107767
230,BELGIUM,2013,2051.00435064334
231,BELGIUM,2014,2167.227731780548
232,BELGIUM,2015,1260.1753576372867
233,BELGIUM,2016,1079.7935985641639
234,BELGIUM,2017,807.1192052980133
235,BELGIUM,2018,872.9114403370095
236,BELGIUM,2019,786.9398423337971
237,BELGIUM,2020,1270.082288401254
238,BELGIUM,2021,1342.8833792470157
239,BELGIUM,2022,866.7025651067163
240,BELGIUM,2022,793.4207949872724
262,BOLIVIA,2007,577.9467680608365
263,BOLIVIA,2008,516.5441176470588
264,BOLIVIA,2009,559.8455598455598
265,BOLIVIA,2010,518.2119205298013
266,BOLIVIA,2011,384.51612903225805
267,BOLIVIA,2012,458.1218274111675
268,BOLIVIA,2013,622.4611708482677
269,BOLIVIA,2014,866.9527896995709
270,BOLIVIA,2015,736.7875647668394
271,BOLIVIA,2016,870.2127659574468
272,BOLIVIA,2017,831.494483450351
273,BOLIVIA,2018,816.9811320754717
274,BOLIVIA,2019,924.1379310344828
275,BOLIVIA,2019,807.7586206896551
278,BOLIVIA,2022,808.7697929354446
279,BRAZIL,1995,1304.2307692307693
280,BRAZIL,1996,1155.3858309191467
281,BRAZIL,1997,1350.0249128051819
282,BRAZIL,1998,1291.0573004075761
283,BRAZIL,1999,1077.5410408662242
284,BRAZIL,2000,1206.3197026022306
285,BRAZIL,2001,1196.3350785340315
286,BRAZIL,2002,1024.80752780154
287,BRAZIL,2003,700.2167853824714
288,BRAZIL,2004,967.3180592991914
289,BRAZIL,2005,1403.091557669441
290,BRAZIL,2006,1483.27328872877
291,BRAZIL,2007,1761.2612612612613
292,BRAZIL,2008,2092.783505154639
293,BRAZIL,2009,2215.040650406504
294,BRAZIL,2010,2472.5104537711013
295,BRAZIL,2011,2664.5318304086077
296,BRAZIL,2012,2593.738966694127
297,BRAZIL,2013,2822.9190164674037
298,BRAZIL,2014,2658.5213684101072
299,BRAZIL,2015,1831.2935218400507
300,BRAZIL,2016,1634.0171325518486
301,BRAZIL,2017,1790.951932139491
302,BRAZIL,2018,1718.6676703048552
304,BULGARIA,1995,55.33484676503973
305,BULGARIA,1996,66.20093147039255
306,BULGARIA,1997,72.57273618829683
307,BULGARIA,1998,200.2314814814815
308,BULGARIA,1999,221.3804713804714
309,BULGARIA,2000,230.20967051775781
310,BULGARIA,2001,215.75091575091574
311,BULGARIA,2002,224.90589711417817
312,BULGARIA,2003,303.5556861592712
313,BULGARIA,2004,351.10767645543535
314,BULGARIA,2005,309.09090909090907
315,BULGARIA,2006,353.58851674641147
316,BULGARIA,2007,416.389811738649
317,BULGARIA,2008,403.5271520866073
318,BULGARIA,2009,351.4920889244943
319,BULGARIA,2010,224.70076169749728
320,BULGARIA,2011,237.70707336313436
321,BULGARIA,2012,245.6093666844066
322,BULGARIA,2013,283.206106870229
323,BULGARIA,2014,289.08128908128907
324,BULGARIA,2015,240.88063889488453
325,BULGARIA,2016,252.41097922848664
326,BULGARIA,2017,272.15799614643544
327,BULGARIA,2018,278.84758919241676
328,BULGARIA,2019,260.45383188240334
329,BULGARIA,2020,263.7805184998742
330,BULGARIA,2021,248.3597066769587
331,BULGARIA,2022,252.75785990071705
332,BULGARIA,2022,212.76889134031993
350,CAMBODIA,2005,169.01408450704224
351,CAMBODIA,2006,155.01905972045742
352,CAMBODIA,2007,123.49397590361446
353,CAMBODIA,2008,123.40966921119593
355,CAMBODIA,2010,120.79207920792079
356,CAMBODIA,2011,371.83098591549293
357,CAMBODIA,2012,396.4646464646465
358,CAMBODIA,2013,407.11009174311926
359,CAMBODIA,2014,419.4560669456067
360,CAMBODIA,2015,427.1356783919598
361,CAMBODIA,2016,429.5676429567643
362,CAMBODIA,2017,422.94520547945206
363,CAMBODIA,2018,432.5814536340852
364,CAMBODIA,2019,447.00686947988225
367,CAMBODIA,2022,496.9072164948454
368,CANADA,1995,184.21099879706267
369,CANADA,1996,199.64165971864966
370,CANADA,1997,104.50519339833046
371,CANADA,1998,230.90347983398956
372,CANADA,1999,247.5671718911471
373,CANADA,2000,263.61748124284685
374,CANADA,2001,276.86859100483787
375,CANADA,2002,149.3647982262771
376,CANADA,2003,170.00854058050453
377,CANADA,2004,185.75377215129288
378,CANADA,2005,409.4160932070587
379,CANADA,2006,439.46111869031375
380,CANADA,2007,246.21087232363197
381,CANADA,2008,526.2191468388194
382,CANADA,2009,509.4347569707691
383,CANADA,2010,538.7767573105197
384,CANADA,2011,269.73615137981443
385,CANADA,2012,285.0019561665273
386,CANADA,2013,287.89847638588094
387,CANADA,2014,591.0224830161445
388,CANADA,2015,303.3830321329986
389,CANADA,2016,308.7231853830255
390,CANADA,2017,317.06982235523463
391,CANADA,2018,613.8622648207313
392,CANADA,2019,314.66856608645327
393,CANADA,2020,826.9770626497775
394,CANADA,2021,497.81797482765165
395,CANADA,2022,772.7955911823648
405,CHILE,2000,405.75916230366494
406,CHILE,2001,528.3582089552239
407,CHILE,2002,232.95257874697128
408,CHILE,2003,281.55018217952966
409,CHILE,2004,282.9423689545323
410,CHILE,2005,199.45826151194288
411,CHILE,2006,199.69074442235475
412,CHILE,2007,209.34503162619873
413,CHILE,2008,214.45523193096008
414,CHILE,2009,497.6685036032217
415,CHILE,2010,239.8173515981735
416,CHILE,2011,516.4596273291926
417,CHILE,2012,545.8236658932715
418,CHILE,2013,520.9580838323353
419,CHILE,2014,552.8370640291515
420,CHILE,2015,484.2797952717524
421,CHILE,2016,504.33356758022956
422,CHILE,2017,533.3180673231051
423,CHILE,2018,519.6525515743757
424,CHILE,2019,601.0755316548522
425,CHILE,2020,232.02755058114508
426,CHILE,2021,548.604427333975
427,CHILE,2021,291.62656400384986
428,CHILE,2022,492.92203676315233
429,CHILE,2022,362.9833086837101
430,CHINA,1995,815.929203539823
431,CHINA,1996,884.0150167950998
432,CHINA,1997,1527.0473328324567
433,CHINA,1998,1092.451934488488
434,CHINA,1999,1176.7764298093587
435,CHINA,2000,1252.1722524587033
436,CHINA,2001,1146.3776477375752
437,CHINA,2002,927.4786170340923
438,CHINA,2003,751.0137474038177
439,CHINA,2004,663.6744879215333
440,CHINA,2005,701.315026107136
441,CHINA,2006,704.4954234735256
442,CHINA,2007,727.3038042682033
443,CHINA,2008,788.6964488264549
444,CHINA,2009,917.0303844216887
445,CHINA,2010,956.3308123932667
446,CHINA,2011,1033.238434163701
447,CHINA,2012,1225.9503257916376
448,CHINA,2013,1309.527931965168
449,CHINA,2014,1949.8940759736863
450,CHINA,2015,1953.9418113561708
451,CHINA,2016,1850.8991341670983
452,CHINA,2017,1802.8804138847136
453,CHINA,2018,1851.890195030724
454,CHINA,2019,1646.625536758239
455,CHINA,2020,6444.870659978362
456,COLOMBIA,1995,830.6527909176916
457,COLOMBIA,1996,1202.368137782562
458,COLOMBIA,1997,1128.8515406162464
459,COLOMBIA,1998,1024.7026532479415
460,COLOMBIA,1999,922.5865209471767
461,COLOMBIA,2000,858.2995951417004
462,COLOMBIA,2001,842.8674873280231
463,COLOMBIA,2002,841.8167580266249
464,COLOMBIA,2003,902.2939677145284
465,COLOMBIA,2004,843.4163701067615
466,COLOMBIA,2005,965.228589826143
467,COLOMBIA,2007,938.8560157790927
468,COLOMBIA,2008,1066.1116552399608
469,COLOMBIA,2009,1061.2629594721961
470,COLOMBIA,2010,1127.668659265585
471,COLOMBIA,2011,1202.2204599524187
472,COLOMBIA,2012,1144.2095298201325
473,COLOMBIA,2013,1093.2038834951456
474,COLOMBIA,2014,1197.391971362823
475,COLOMBIA,2015,1118.073537027447
476,COLOMBIA,2016,1120.9486166007905
477,COLOMBIA,2017,1114.015434403784
478,COLOMBIA,2018,1095.2380952380952
479,COLOMBIA,2019,1101.808439383791
480,COLOMBIA,2020,1065.0980392156862
481,COLOMBIA,2021,866.1784287616512
482,COLOMBIA,2022,867.1669032650578
507,COSTA RICA,2007,1083.1889081455806
508,COSTA RICA,2008,1109.8484848484848
509,COSTA RICA,2009,626.9430051813472
510,COSTA RICA,2010,631.4199395770393
511,COSTA RICA,2011,557.8800557880056
512,COSTA RICA,2012,545.9249676584735
513,COSTA RICA,2013,537.9746835443038
514,COSTA RICA,2014,563.9097744360902
515,COSTA RICA,2015,750.8161044613711
516,COSTA RICA,2016,775.096525096525
517,COSTA RICA,2017,907.8260869565217
518,COSTA RICA,2018,776.6450417052827
519,COSTA RICA,2019,898.5255854293148
521,COSTA RICA,2021,962.5850340136054
522,COSTA RICA,2022,1034.2612419700215
523,CROATIA,2008,255.4063282494878
524,CROATIA,2009,210.03524777109683
525,CROATIA,2010,444.2071542979178
526,CROATIA,2011,159.4281577994933
527,CROATIA,2012,179.4921496414034
528,CROATIA,2013,165.87068332108743
529,CROATIA,2014,182.40620957309184
530,CROATIA,2015,173.36394948335246
531,CROATIA,2016,183.0331202789076
532,CROATIA,2017,527.1467077396997
533,CROATIA,2018,568.1208053691275
534,CROATIA,2019,504.0
535,CROATIA,2020,1143.0678466076697
536,CROATIA,2021,1214.9944873208378
537,CROATIA,2022,723.5528942115768
543,CYPRUS,1999,798.1481481481482
544,CYPRUS,2000,702.3809523809524
545,CYPRUS,2001,625.7309941520468
546,CYPRUS,2002,688.1720430107526
547,CYPRUS,2003,829.0366350067843
548,CYPRUS,2004,944.1210710128056
549,CYPRUS,2005,1019.6936542669584
550,CYPRUS,2006,1037.5536480686694
551,CYPRUS,2007,1368.1776133209992
552,CYPRUS,2008,1376.8595041322315
553,CYPRUS,2009,1198.8054607508532
554,CYPRUS,2010,1059.3900481540932
556,CYPRUS,2011,1129.859387923904
558,CYPRUS,2012,1103.852596314908
560,CYPRUS,2013,1124.6636771300448
562,CYPRUS,2014,1110.8354011579818
564,CYPRUS,2015,965.1474530831099
565,CYPRUS,2016,883.2807570977918
566,CYPRUS,2017,979.3887704335466
568,CYPRUS,2018,1085.0622406639004
570,CYPRUS,2019,1036.1216730038022
574,CYPRUS,2021,1715.953307392996
576,CZECH REPUBLIC (CZECHIA),2003,268.12699292943296
577,CZECH REPUBLIC (CZECHIA),2004,343.21842541020624
578,CZECH REPUBLIC (CZECHIA),2005,345.3970989516013
579,CZECH REPUBLIC (CZECHIA),2006,432.50430157985295
580,CZECH REPUBLIC (CZECHIA),2007,327.42440041710114
581,CZECH REPUBLIC (CZECHIA),2008,384.17368048454335
582,CZECH REPUBLIC (CZECHIA),2009,344.9254215304799
583,CZECH REPUBLIC (CZECHIA),2010,357.58136405684974
584,CZECH REPUBLIC (CZECHIA),2011,907.1793900359917
585,CZECH REPUBLIC (CZECHIA),2012,825.2445100572061
586,CZECH REPUBLIC (CZECHIA),2013,802.1103615291472
587,CZECH REPUBLIC (CZECHIA),2014,908.3348079985843
588,CZECH REPUBLIC (CZECHIA),2015,814.8907103825137
589,CZECH REPUBLIC (CZECHIA),2016,816.3265306122449
590,CZECH REPUBLIC (CZECHIA),2017,806.6420664206642
591,CZECH REPUBLIC (CZECHIA),2018,808.1190798376184
592,CZECH REPUBLIC (CZECHIA),2019,801.66076776477
593,CZECH REPUBLIC (CZECHIA),2020,1409.754064193414
594,CZECH REPUBLIC (CZECHIA),2021,2782.9457364341083
595,CZECH REPUBLIC (CZECHIA),2022,942.3296535972593
596,DENMARK,1996,822.2442899702086
597,DENMARK,1997,893.6714255273812
598,DENMARK,1998,955.9314954051796
599,DENMARK,1999,1032.672849915683
600,DENMARK,2000,931.7501496707245
601,DENMARK,2001,982.8143954710878
602,DENMARK,2002,1182.9787234042553
603,DENMARK,2003,1196.800862688713
604,DENMARK,2004,1572.1382289416847
605,DENMARK,2005,1252.5141707807643
606,DENMARK,2006,1221.4064284548865
607,DENMARK,2007,1345.2163315051798
608,DENMARK,2008,1527.9659681739404
609,DENMARK,2009,1274.4067074037232
610,DENMARK,2010,1175.5112606782293
611,DENMARK,2011,1254.1422380830998
612,DENMARK,2012,1224.0214203748565
613,DENMARK,2013,1443.6004013186184
614,DENMARK,2014,1224.5544090056285
615,DENMARK,2015,991.8807696585475
616,DENMARK,2016,950.5750699409388
617,DENMARK,2017,1212.3160628168666
618,DENMARK,2018,1409.7658862876253
619,DENMARK,2019,1100.5721830985915
620,DENMARK,2020,1305.437352245863
621,DENMARK,2021,2337.837837837838
622,DENMARK,2022,1398.808538805229
645,DOMINICAN REPUBLIC,2017,1015.3256704980843
646,DOMINICAN REPUBLIC,2018,1068.0933852140079
647,DOMINICAN REPUBLIC,2019,1172.9323308270677
649,DOMINICAN REPUBLIC,2021,1250.0
650,DOMINICAN REPUBLIC,2022,1306.4102564102564
656,ECUADOR,2000,575.0
657,ECUADOR,2001,604.982206405694
658,ECUADOR,2002,580.5422647527911
659,ECUADOR,2003,577.4877650897226
660,ECUADOR,2004,648.424543946932
661,ECUADOR,2005,646.0843373493976
662,ECUADOR,2006,635.743519781719
663,ECUADOR,2007,629.2134831460675
664,ECUADOR,2008,665.0306748466257
665,ECUADOR,2009,674.4471744471745
666,ECUADOR,2010,631.8131256952169
667,ECUADOR,2011,581.2133072407045
668,ECUADOR,2012,597.8473581213307
669,ECUADOR,2013,547.451669595782
670,ECUADOR,2014,579.3795620437957
671,ECUADOR,2015,523.3415233415234
672,ECUADOR,2016,791.3616398243046
673,ECUADOR,2017,789.9034892353378
674,ECUADOR,2018,808.8445078459343
675,ECUADOR,2019,801.980198019802
676,ECUADOR,2020,803.1496062992126
677,ECUADOR,2021,930.8755760368664
678,ECUADOR,2022,801.1958146487294
679,EGYPT,1995,476.332463660082
680,EGYPT,1996,468.3499288762447
681,EGYPT,1997,494.8567229977957
682,EGYPT,1998,403.9943938332165
683,EGYPT,1999,373.5273735273735
684,EGYPT,2000,361.67341430499323
685,EGYPT,2001,368.2498373454782
686,EGYPT,2002,380.1801801801802
687,EGYPT,2003,362.5137211855104
688,EGYPT,2004,241.26679462571977
689,EGYPT,2005,306.9530808366309
690,EGYPT,2006,393.7320679761642
691,EGYPT,2009,538.1679389312977
692,EGYPT,2010,485.05846686877436
693,EGYPT,2011,453.01254369730617
694,EGYPT,2012,461.07784431137725
695,EGYPT,2013,521.2729159460395
696,EGYPT,2014,508.0906148867314
699,EL SALVADOR,1997,244.01913875598086
700,EL SALVADOR,1998,206.22119815668202
701,EL SALVADOR,1999,214.7395171537484
702,EL SALVADOR,2000,178.76489707475622
703,EL SALVADOR,2001,209.00321543408361
704,EL SALVADOR,2002,190.8091908091908
705,EL SALVADOR,2003,243.61702127659575
706,EL SALVADOR,2004,270.6209453197405
707,EL SALVADOR,2005,166.26311541565778
708,EL SALVADOR,2006,180.35426731078906
709,EL SALVADOR,2007,274.70355731225294
710,EL SALVADOR,2009,139.03345724907064
711,EL SALVADOR,2010,77.03130495954977
712,EL SALVADOR,2011,138.18924438393464
713,EL SALVADOR,2012,178.52257181942545
714,EL SALVADOR,2013,79.89435457246616
715,EL SALVADOR,2014,163.6963696369637
716,EL SALVADOR,2015,90.88098918083462
717,EL SALVADOR,2016,228.38137472283813
718,EL SALVADOR,2017,223.4099412079102
719,EL SALVADOR,2018,247.7628635346756
720,EL SALVADOR,2019,253.81779884149552
721,EL SALVADOR,2020,287.378640776699
722,EL SALVADOR,2021,258.92040256175665
723,EL SALVADOR,2022,154.8993288590604
724,ESTONIA,1995,51.58730158730159
725,ESTONIA,1996,65.28765352294764
726,ESTONIA,1997,74.25742574257426
727,ESTONIA,1998,93.42977697408077
728,ESTONIA,1999,120.78651685393258
729,ESTONIA,2000,113.33333333333333
730,ESTONIA,2001,115.8021712907117
731,ESTONIA,2002,124.93239588967009
732,ESTONIA,2003,153.73493975903614
734,ESTONIA,2007,989.6602658788775
735,ESTONIA,2008,1169.0751445086705
736,ESTONIA,2009,804.5212765957447
737,ESTONIA,2010,662.82722513089
738,ESTONIA,2011,764.7058823529412
739,ESTONIA,2012,693.9843068875327
740,ESTONIA,2013,908.2332761578044
741,ESTONIA,2014,828.1907433380084
742,ESTONIA,2015,820.8
743,ESTONIA,2016,867.8117998506348
744,ESTONIA,2017,974.9804534792806
745,ESTONIA,2018,707.1048815853069
746,ESTONIA,2019,907.7555816686252
747,ESTONIA,2020,1068.100358422939
748,ESTONIA,2021,1200.0
749,ESTONIA,2022,1068.8073394495414
750,ESWATINI,2005,45.28650646950092
751,ESWATINI,2006,45.708955223880594
752,ESWATINI,2007,45.13274336283186
753,ESWATINI,2008,39.082412914188616
754,ESWATINI,2009,57.83132530120482
755,ESWATINI,2010,53.46187554776512
756,ESWATINI,2011,23.734177215189874
757,ESWATINI,2012,31.36136849607983
758,ESWATINI,2013,24.157660521296886
759,ESWATINI,2014,32.58901629450815
760,ESWATINI,2015,29.18855808523059
761,ESWATINI,2016,16.769144773616546
762,ESWATINI,2017,37.12164477441462
763,ESWATINI,2018,23.8788584740827
764,ESWATINI,2019,19.755955839628122
769,ESWATINI,2022,68.91701828410689
798,FINLAND,1995,442.58791529046044
799,FINLAND,1996,464.61976413176086
800,FINLAND,1997,397.47754634053126
801,FINLAND,1998,434.7459413873076
802,FINLAND,1999,382.95069627399323
803,FINLAND,2000,313.1552248900913
804,FINLAND,2001,317.9945054945055
805,FINLAND,2002,342.8376301861021
806,FINLAND,2003,435.9892569382274
807,FINLAND,2004,486.89203173508105
808,FINLAND,2005,458.3083383323335
809,FINLAND,2006,532.6695706285003
810,FINLAND,2007,621.0821768283175
811,FINLAND,2008,692.0499543100823
812,FINLAND,2009,658.000896458987
813,FINLAND,2010,575.1503006012024
814,FINLAND,2011,592.6195678562758
815,FINLAND,2012,489.7775105231509
816,FINLAND,2013,556.0571068654209
817,FINLAND,2014,542.2671982009608
818,FINLAND,2015,478.5471961684295
819,FINLAND,2016,505.05935006810665
820,FINLAND,2017,535.3053435114504
821,FINLAND,2018,579.3893129770993
822,FINLAND,2019,543.8697318007663
823,FINLAND,2020,611.8959107806692
824,FINLAND,2021,305.51876379690947
825,FINLAND,2022,639.52802359882
826,FRANCE,1995,875.414749009954
827,FRANCE,1996,977.797366536279
828,FRANCE,1997,1021.9106047326907
829,FRANCE,1998,1041.0466338441113
830,FRANCE,1999,1508.4086420491951
831,FRANCE,2000,1133.3098662375542
832,FRANCE,2001,1173.6828445367246
833,FRANCE,2002,1298.3346983346983
834,FRANCE,2003,1511.3587424633936
835,FRANCE,2004,1394.586153045289
836,FRANCE,2005,1394.4395017793595
837,FRANCE,2006,1193.308001623197
838,FRANCE,2007,1143.4347091479603
839,FRANCE,2008,1321.9638242894057
840,FRANCE,2009,1207.0417020165764
841,FRANCE,2010,1277.716611617122
842,FRANCE,2011,1435.656277084069
843,FRANCE,2012,1343.9039201133526
844,FRANCE,2013,1385.001805824605
845,FRANCE,2014,763.5364651002615
846,FRANCE,2015,1291.1983795086253
847,FRANCE,2016,1364.4216493453907
848,FRANCE,2017,499.18105931389715
849,FRANCE,2018,1029.0207826249766
850,FRANCE,2019,512.4960680256922
851,FRANCE,2020,1348.6165265185325
852,FRANCE,2021,1631.2082519198436
853,FRANCE,2022,1035.2294600344444
878,GEORGIA,2005,197.1995332555426
879,GEORGIA,2006,124.07132243684993
880,GEORGIA,2007,119.48404616429056
881,GEORGIA,2008,108.44017094017094
882,GEORGIA,2009,91.41414141414141
883,GEORGIA,2010,95.39789069990412
884,GEORGIA,2011,95.21680822530175
885,GEORGIA,2012,93.6356986100951
886,GEORGIA,2013,91.30434782608695
887,GEORGIA,2014,96.26529298132647
888,GEORGIA,2015,105.2295918367347
889,GEORGIA,2016,113.52941176470588
890,GEORGIA,2017,120.48818488704232
891,GEORGIA,2018,141.96863169280692
892,GEORGIA,2019,173.8095238095238
893,GERMANY,1997,961.7741935483871
894,GERMANY,1998,786.4595375722544
895,GERMANY,1999,715.4545454545455
896,GERMANY,2000,656.2038083644901
897,GERMANY,2001,635.479638508418
898,GERMANY,2002,659.9082009627704
899,GERMANY,2003,765.0125959341497
900,GERMANY,2004,839.4041881238289
901,GERMANY,2005,856.2143566299554
902,GERMANY,2006,906.5048104546399
903,GERMANY,2007,1012.6554525633686
904,GERMANY,2008,1063.108316608856
905,GERMANY,2009,952.2367821197704
906,GERMANY,2010,903.2746413266257
907,GERMANY,2011,1018.1244981816465
908,GERMANY,2012,1005.7174630419804
909,GERMANY,2013,1044.043494666072
910,GERMANY,2014,1123.7952968388588
911,GERMANY,2015,925.1346477662204
912,GERMANY,2016,878.6029945254271
913,GERMANY,2017,971.147810653449
915,GERMANY,2018,877.0706270383814
917,GERMANY,2019,935.3380285935318
919,GERMANY,2020,1051.1297366208262
921,GERMANY,2021,1038.9791850740748
923,GERMANY,2022,1018.8056289899911
931,GREECE,2008,1043.8247011952192
932,GREECE,2009,882.1382007822685
933,GREECE,2010,750.9871018689129
934,GREECE,2011,639.7490386561425
935,GREECE,2012,505.02029480880157
936,GREECE,2013,530.0391815411406
937,GREECE,2014,474.83626335746294
938,GREECE,2015,359.0844062947067
939,GREECE,2016,306.8417415342087
940,GREECE,2017,280.54651919323356
941,GREECE,2018,324.3311141816355
942,GREECE,2019,391.1824668705403
943,GREECE,2020,386.4027538726334
944,GREECE,2021,644.6199407699901
945,GREECE,2022,394.9744797801335
952,GUATEMALA,2001,387.9310344827586
953,GUATEMALA,2002,438.79173290937996
954,GUATEMALA,2003,474.16413373860183
955,GUATEMALA,2004,450.8196721311475
956,GUATEMALA,2005,428.71690427698576
957,GUATEMALA,2006,501.4218009478673
958,GUATEMALA,2007,511.13013698630135
959,GUATEMALA,2008,537.9796397807361
960,GUATEMALA,2009,927.8033794162826
961,GUATEMALA,2010,447.7289113193944
962,GUATEMALA,2011,913.6490250696379
963,GUATEMALA,2012,987.5173370319002
964,GUATEMALA,2013,454.16913069189826
965,GUATEMALA,2014,788.3064516129032
966,GUATEMALA,2015,667.2566371681415
967,GUATEMALA,2016,630.9623430962343
968,GUATEMALA,2017,292.7842840952021
969,GUATEMALA,2018,524.7074122236671
970,GUATEMALA,2019,238.91987085412387
971,GUATEMALA,2020,500.0
972,GUATEMALA,2021,326.46048109965636
973,GUATEMALA,2022,681.0772501771793
989,HONDURAS,2010,294.4954128440367
990,HONDURAS,2011,324.1758241758242
991,HONDURAS,2012,423.5074626865672
992,HONDURAS,2013,382.93838862559244
993,HONDURAS,2014,317.37089201877933
994,HONDURAS,2015,311.30434782608694
995,HONDURAS,2016,330.06244424620877
996,HONDURAS,2017,275.60137457044675
997,HONDURAS,2018,290.3914590747331
998,HONG KONG,1998,283.1029121317813
999,HONG KONG,1999,247.13984645491496
1000,HONG KONG,2000,212.25446087502758
1001,HONG KONG,2001,201.60075946052115
1002,HONG KONG,2002,192.40780911062907
1003,HONG KONG,2003,187.85282919784692
1004,HONG KONG,2004,192.58958245649683
1005,HONG KONG,2005,184.02489626556016
1006,HONG KONG,2006,185.24771803936054
1007,HONG KONG,2007,186.4356362013832
1008,HONG KONG,2008,196.4937554174653
1009,HONG KONG,2009,189.6947216867176
1010,HONG KONG,2010,205.54937116600743
1011,HONG KONG,2011,224.27372193925675
1012,HONG KONG,2012,235.43552699469956
1013,HONG KONG,2013,251.4221379473809
1014,HONG KONG,2014,260.4266496290775
1015,HONG KONG,2015,258.851395343616
1016,HONG KONG,2016,263.0942261165239
1017,HONG KONG,2017,278.03820205029353
1018,HONG KONG,2018,286.68098119591383
1019,HONG KONG,2019,283.78820672543947
1020,HONG KONG,2020,668.1999757898559
1021,HONG KONG,2021,3717.1270718232045
1022,HONG KONG,2022,2523.154516276937
1023,HUNGARY,1995,114.49973247726057
1024,HUNGARY,1996,122.84482758620689
1025,HUNGARY,1997,122.73063336893124
1026,HUNGARY,1998,119.83437525371438
1027,HUNGARY,1999,145.26454528337413
1028,HUNGARY,2000,149.2092182557614
1029,HUNGARY,2001,161.90561475776843
1030,HUNGARY,2002,164.50717260527534
1031,HUNGARY,2003,181.6145067562837
1032,HUNGARY,2004,137.88586399362114
1033,HUNGARY,2005,128.21667886705333
1034,HUNGARY,2006,113.21323130686268
1035,HUNGARY,2007,149.27298311444653
1036,HUNGARY,2008,93.96031815400751
1037,HUNGARY,2009,82.62972867401821
1038,HUNGARY,2010,74.73962381470542
1039,HUNGARY,2011,149.39280990741855
1040,HUNGARY,2012,116.83082450597783
1041,HUNGARY,2013,118.8427484723781
1042,HUNGARY,2014,124.60220318237454
1043,HUNGARY,2015,52.965181905009985
1044,HUNGARY,2016,114.63350092617094
1045,HUNGARY,2017,121.64359264915997
1046,HUNGARY,2018,115.7202367901776
1047,HUNGARY,2019,55.12982964259136
1048,HUNGARY,2020,91.06623713365286
1049,HUNGARY,2021,54.4933438925972
1050,HUNGARY,2022,171.65380558485538
1051,HUNGARY,2022,131.84922000777217
1069,ICELAND,2016,2270.5223880597014
1070,ICELAND,2017,2510.5008077544426
1071,ICELAND,2018,2531.437125748503
1072,ICELAND,2019,2469.721767594108
1075,INDIA,1995,325.91623036649213
1076,INDIA,1996,263.56812933025407
1077,INDIA,1997,360.1717659688674
1078,INDIA,1998,449.48832327473104
1079,INDIA,1999,488.45686512758203
1080,INDIA,2000,609.1485507246376
1081,INDIA,2001,658.6327782646802
1082,INDIA,2002,604.8582995951417
1083,INDIA,2003,669.9682302373388
1084,INDIA,2004,775.1488813777563
1085,INDIA,2005,861.0995128740432
1086,INDIA,2006,820.7434052757794
1087,INDIA,2007,840.130839210876
1088,INDIA,2008,883.8792786161207
1089,INDIA,2009,841.2397216951297
1090,INDIA,2010,807.6686171850939
1091,INDIA,2011,978.9195369444047
1092,INDIA,2012,827.2117962466488
1093,INDIA,2013,698.604595212318
1094,INDIA,2014,796.2356792144026
1095,INDIA,2015,728.2096584216725
1096,INDIA,2016,748.7198244330651
1097,INDIA,2017,770.2877667794345
1098,INDIA,2018,810.7316702160024
1099,INDIA,2019,851.3839866245588
1100,INDIA,2020,1723.6463331048662
1101,INDIA,2021,1669.9801192842942
1102,INDIA,2022,1198.1944444444443
1103,INDONESIA,2000,1449.8866213151928
1104,INDONESIA,2001,1359.680638722555
1105,INDONESIA,2002,1017.951098731043
1106,INDONESIA,2003,886.1414606095457
1107,INDONESIA,2004,889.8756660746003
1108,INDONESIA,2005,872.8689722357526
1109,INDONESIA,2006,811.3549426213006
1110,INDONESIA,2007,950.7561070182242
1111,INDONESIA,2008,1012.395187750638
1112,INDONESIA,2009,1052.048288145656
1113,INDONESIA,2010,1025.6615878107457
1114,INDONESIA,2011,926.6666666666666
1115,INDONESIA,2012,908.3713442447008
1116,INDONESIA,2013,956.3862928348909
1117,INDONESIA,2014,951.4490958632648
1118,INDONESIA,2015,891.8786692759295
1119,INDONESIA,2016,907.1942446043165
1120,INDONESIA,2017,935.9756097560976
1121,INDONESIA,2018,1089.3536121673003
1122,INDONESIA,2019,967.4052528017794
1123,INDONESIA,2020,599.0404386566141
1124,INDONESIA,2021,275.86206896551727
1125,INDONESIA,2022,1775.7695566224231
1126,IRAN,1995,241.0
1127,IRAN,1996,211.82266009852216
1128,IRAN,1997,266.57362177250525
1129,IRAN,1998,90.53254437869822
1130,IRAN,1999,340.51724137931035
1131,IRAN,2000,292.21347331583553
1132,IRAN,2001,295.0
1133,IRAN,2002,1283.806915439918
1134,IRAN,2014,1227.8513899714212
1135,IRAN,2015,1358.3081570996978
1136,IRAN,2016,1136.11635394693
1137,IRAN,2017,1091.4350754054824
1138,IRAN,2018,1200.469418749137
1139,IRELAND,1995,798.5865724381625
1140,IRELAND,1996,804.2444200512258
1141,IRELAND,1997,723.8781526367508
1142,IRELAND,1998,905.4054054054054
1143,IRELAND,1999,735.738255033557
1144,IRELAND,2000,667.4596880782448
1145,IRELAND,2001,677.8937381404174
1146,IRELAND,2002,810.3150625809236
1147,IRELAND,2003,960.8439845810509
1148,IRELAND,2004,957.1085228323165
1149,IRELAND,2005,993.4565679699002
1150,IRELAND,2006,1002.482476635514
1151,IRELAND,2007,1122.1314663555038
1152,IRELAND,2008,1322.4577884981593
1153,IRELAND,2009,1110.5434936852562
1154,IRELAND,2010,1021.9748445858031
1155,IRELAND,2011,1032.8523180841264
1156,IRELAND,2012,893.1818181818181
1158,IRELAND,2013,942.0884632922937
1160,IRELAND,2014,960.4553624925105
1162,IRELAND,2015,804.05976881872
1164,IRELAND,2016,815.3282762228616
1166,IRELAND,2017,809.6928160567862
1168,IRELAND,2018,872.4979752400786
1170,IRELAND,2019,872.2994652406417
1172,IRELAND,2020,1102.3215821152194
1174,IRELAND,2021,1108.9630931458698
1176,ISRAEL,1995,938.4683488269145
1177,ISRAEL,1996,909.38123752495
1178,ISRAEL,1997,843.3690432212782
1179,ISRAEL,1998,829.0311766677842
1180,ISRAEL,1999,801.1239463003434
1181,ISRAEL,2000,794.3342776203966
1182,ISRAEL,2001,827.0148834597023
1183,ISRAEL,2002,776.9630308585396
1184,ISRAEL,2003,772.9615034859048
1185,ISRAEL,2004,861.0957387935805
1186,ISRAEL,2005,884.4589096826688
1187,ISRAEL,2006,915.4322650148129
1188,ISRAEL,2007,947.6730166385339
1189,ISRAEL,2008,941.5260280484906
1190,ISRAEL,2009,883.453955577739
1191,ISRAEL,2010,858.5148746779105
1192,ISRAEL,2011,860.4969227262366
1193,ISRAEL,2012,898.8273166245114
1194,ISRAEL,2013,954.8034475509775
1195,ISRAEL,2014,1001.5441034549315
1196,ISRAEL,2015,1020.5398064844678
1197,ISRAEL,2016,950.7447279162366
1198,ISRAEL,2017,928.9193102540477
1199,ISRAEL,2018,929.776938510563
1200,ISRAEL,2019,888.2231179867088
1201,ISRAEL,2020,1168.3937823834196
1202,ISRAEL,2021,1069.490403706155
1203,ISRAEL,2022,910.8159392789374
1204,ITALY,1996,869.7518296373742
1205,ITALY,1997,414.0461737486317
1206,ITALY,1998,414.74393721571494
1207,ITALY,1999,199.1837793845319
1208,ITALY,2000,351.4833736667563
1209,ITALY,2001,339.3180619568457
1210,ITALY,2002,379.28795342588444
1211,ITALY,2003,444.4636193023707
1212,ITALY,2004,506.7079207920792
1213,ITALY,2005,515.170364226968
1214,ITALY,2006,499.5147620177274
1215,ITALY,2007,555.7092299556604
1216,ITALY,2008,568.5305304937432
1217,ITALY,2009,509.98377067415527
1218,ITALY,2010,243.217098066161
1219,ITALY,2011,546.3823479103712
1220,ITALY,2012,245.96679696654385
1221,ITALY,2013,511.9981760492467
1222,ITALY,2014,523.2286247711577
1223,ITALY,2015,212.69277323510715
1224,ITALY,2016,434.70772442588725
1225,ITALY,2017,464.69138269877755
1226,ITALY,2018,490.30149522019775
1227,ITALY,2019,243.5960294176747
1228,ITALY,2020,253.42098515047672
1229,ITALY,2021,845.9745280873323
1230,ITALY,2022,576.3143805546632
1231,JAPAN,1995,2403.1899594718266
1232,JAPAN,1996,2219.706498951782
1233,JAPAN,1997,1964.470630244599
1234,JAPAN,1998,1822.4724788055169
1235,JAPAN,1999,2003.4234013938135
1236,JAPAN,2000,1789.3260003367193
1237,JAPAN,2001,1636.1001480019734
1238,JAPAN,2002,1613.2663559886219
1239,JAPAN,2003,2177.94825511432
1240,JAPAN,2004,2272.71106886103
1241,JAPAN,2005,2158.4118593426797
1242,JAPAN,2006,1532.7060165383518
1243,JAPAN,2007,1532.8707718993928
1244,JAPAN,2008,1745.230499781072
1245,JAPAN,2009,1631.4256118088826
1246,JAPAN,2010,1679.990382881529
1247,JAPAN,2011,1604.2132517359069
1248,JAPAN,2012,1509.1666215996972
1249,JAPAN,2013,1251.1303153436731
1250,JAPAN,2014,1142.6374016446784
1251,JAPAN,2015,985.1979770568645
1252,JAPAN,2016,1084.482355690582
1253,JAPAN,2017,1016.7141818994913
1254,JAPAN,2018,1065.6325841511027
1255,JAPAN,2019,1059.5587869130025
1256,JAPAN,2020,1716.446124763705
1257,JAPAN,2021,5529.296875
1258,JAPAN,2022,1307.7200577200576
1259,JORDAN,1995,376.7730496453901
1260,JORDAN,1996,333.9176161262051
1261,JORDAN,1997,322.7899432278994
1262,JORDAN,1998,334.8181143281366
1263,JORDAN,1999,227.41832158872518
1264,JORDAN,2000,215.3846153846154
1265,JORDAN,2001,215.3846153846154
1266,JORDAN,2002,355.01567398119124
1267,JORDAN,2003,367.7786818551668
1268,JORDAN,2004,369.01408450704224
1269,JORDAN,2005,384.1103086014445
1270,JORDAN,2006,391.30434782608694
1271,JORDAN,2007,421.68099331423116
1272,JORDAN,2008,438.8111888111888
1273,JORDAN,2009,431.46796431467965
1274,JORDAN,2010,509.39727802981207
1275,JORDAN,2011,529.1704649042844
1276,JORDAN,2012,321.25807357483853
1277,JORDAN,2013,628.440366972477
1278,JORDAN,2014,811.6560056858565
1279,JORDAN,2015,710.3490508266993
1280,JORDAN,2016,720.9169054441261
1281,JORDAN,2017,870.6030150753769
1282,JORDAN,2018,924.0506329113924
1283,JORDAN,2019,950.5530253741053
1285,JORDAN,2021,1085.1063829787233
1286,JORDAN,2022,1047.891350964975
1287,KAZAKHSTAN,1996,609.942638623327
1289,KAZAKHSTAN,1998,992.0318725099602
1291,KAZAKHSTAN,2000,327.1852445870088
1292,KAZAKHSTAN,2001,293.3740191804708
1293,KAZAKHSTAN,2002,332.89357959542656
1294,KAZAKHSTAN,2003,281.8028643639427
1295,KAZAKHSTAN,2004,215.58109833971903
1296,KAZAKHSTAN,2005,253.109243697479
1297,KAZAKHSTAN,2006,222.61388286334056
1298,KAZAKHSTAN,2007,238.1161971830986
1299,KAZAKHSTAN,2008,248.9607390300231
1300,KAZAKHSTAN,2009,208.7405495113406
1301,KAZAKHSTAN,2010,211.49692639973418
1302,KAZAKHSTAN,2011,200.87281795511223
1303,KAZAKHSTAN,2012,180.46439799238874
1304,KAZAKHSTAN,2013,341.87697160883283
1305,KAZAKHSTAN,2014,336.3636363636364
1306,KAZAKHSTAN,2015,253.649473591082
1307,KAZAKHSTAN,2016,250.82000820008201
1308,KAZAKHSTAN,2017,249.48835396160217
1309,KAZAKHSTAN,2018,252.39526582754087
1310,KAZAKHSTAN,2019,255.4403661156253
1311,KAZAKHSTAN,2020,329.14485165794065
1312,KAZAKHSTAN,2021,471.2939160239931
1313,KAZAKHSTAN,2022,317.2099087353325
1314,KOREA,1995,1660.38229903116
1315,KOREA,1996,1609.378360937836
1316,KOREA,1997,1538.5292822545134
1317,KOREA,1998,1131.3987610042386
1318,KOREA,1999,1124.136342699217
1319,KOREA,2000,1294.8438634713145
1320,KOREA,2001,1251.972386587771
1321,KOREA,2002,1469.1843324441948
1322,KOREA,2003,1425.769122212814
1323,KOREA,2004,1399.2748697031498
1324,KOREA,2005,1528.373015873016
1325,KOREA,2006,1620.0689061154178
1326,KOREA,2007,1647.8048780487804
1327,KOREA,2008,1588.5295098366123
1328,KOREA,2009,1583.6317674320624
1329,KOREA,2010,1502.722613709161
1330,KOREA,2011,1569.2453127461793
1331,KOREA,2012,1502.8754458761011
1332,KOREA,2013,1458.1705509901658
1333,KOREA,2014,1442.1988682295878
1334,KOREA,2015,1308.64836872087
1335,KOREA,2016,1217.1290711700844
1336,KOREA,2017,1196.0673309178744
1337,KOREA,2018,1224.3169779760246
1338,KOREA,2019,1140.1755241345686
1339,KOREA,2020,3763.33021515435
1340,KOREA,2021,14578.086672117743
1341,KOREA,2022,3040.128166005493
1342,KUWAIT,1995,2560.364464692483
1343,KUWAIT,1996,2371.0751665080875
1344,KUWAIT,1997,2166.8185961713766
1345,KUWAIT,1998,1991.2974683544303
1346,KUWAIT,1999,1877.5847808105873
1347,KUWAIT,2000,2018.6084142394823
1348,KUWAIT,2001,1705.8823529411766
1349,KUWAIT,2002,1751.304347826087
1350,KUWAIT,2003,1887.260428410372
1351,KUWAIT,2004,1919.6058091286307
1352,KUWAIT,2005,2085.5959502991254
1353,KUWAIT,2006,2203.6378015025703
1354,KUWAIT,2007,2505.096262740657
1365,KYRGYZSTAN,2007,200.35778175313058
1366,KYRGYZSTAN,2008,133.7439507259129
1367,KYRGYZSTAN,2009,62.44689889549703
1368,KYRGYZSTAN,2010,110.28315946348734
1369,KYRGYZSTAN,2011,80.69258412283567
1370,KYRGYZSTAN,2012,96.65838166252416
1371,KYRGYZSTAN,2013,87.65339343851741
1372,KYRGYZSTAN,2014,102.9023746701847
1373,KYRGYZSTAN,2015,99.55089820359281
1374,KYRGYZSTAN,2016,110.1553166069295
1375,KYRGYZSTAN,2017,65.6770130454341
1376,KYRGYZSTAN,2018,45.91314519666618
1377,KYRGYZSTAN,2019,73.57922468949944
1378,KYRGYZSTAN,2020,58.55263157894737
1379,KYRGYZSTAN,2021,40.376106194690266
1380,KYRGYZSTAN,2022,58.38243170862346
1381,LATVIA,1995,13.245033112582782
1382,LATVIA,1996,207.4527252502781
1383,LATVIA,1997,173.6814064997336
1384,LATVIA,1998,155.532891381948
1385,LATVIA,1999,118.79432624113475
1386,LATVIA,2000,95.14637904468412
1387,LATVIA,2001,82.68446421950316
1388,LATVIA,2002,99.7398091934085
1389,LATVIA,2003,143.48206474190727
1390,LATVIA,2004,153.43915343915344
1391,LATVIA,2005,197.36397431564717
1392,LATVIA,2006,223.42113614725483
1393,LATVIA,2007,272.80753384343734
1394,LATVIA,2008,301.16340560549975
1395,LATVIA,2009,244.1860465116279
1396,LATVIA,2010,194.47779111644658
1397,LATVIA,2011,234.87872275099784
1398,LATVIA,2012,371.58469945355193
1399,LATVIA,2013,402.5900900900901
1400,LATVIA,2014,387.32394366197184
1401,LATVIA,2015,359.30232558139534
1402,LATVIA,2016,360.49510056730276
1403,LATVIA,2017,354.25790754257906
1404,LATVIA,2018,353.5632183908046
1405,LATVIA,2019,309.56375838926175
1406,LATVIA,2020,801.4492753623189
1407,LATVIA,2021,1170.1112877583466
1408,LATVIA,2022,581.2608444187391
1411,LIBYA,1997,413.84615384615387
1412,LITHUANIA,1995,55.064935064935064
1413,LITHUANIA,1996,92.87709497206704
1414,LITHUANIA,1997,92.92183830929218
1415,LITHUANIA,1998,90.09564949089787
1416,LITHUANIA,1999,97.79179810725552
1417,LITHUANIA,2000,69.65859030837004
1418,LITHUANIA,2001,64.60176991150442
1419,LITHUANIA,2002,90.95982142857143
1420,LITHUANIA,2003,134.49457452884067
1421,LITHUANIA,2005,454.99081445192894
1422,LITHUANIA,2006,104.20726814169437
1423,LITHUANIA,2007,157.684355616816
1424,LITHUANIA,2008,397.71250324928513
1425,LITHUANIA,2009,307.5020610057708
1426,LITHUANIA,2010,196.93806541405706
1427,LITHUANIA,2011,106.85408632914542
1428,LITHUANIA,2012,112.57149811366679
1429,LITHUANIA,2013,252.83822138126774
1430,LITHUANIA,2014,246.7381174277726
1431,LITHUANIA,2015,238.88470233609647
1432,LITHUANIA,2016,122.11898153734765
1433,LITHUANIA,2017,259.66464834653004
1434,LITHUANIA,2018,297.7456401531263
1435,LITHUANIA,2019,284.3679573857816
1436,LITHUANIA,2020,327.44978697504564
1437,LITHUANIA,2021,329.8909925415949
1438,LITHUANIA,2022,148.6807552832312
1439,LUXEMBOURG,1997,1606.628242074928
1440,LUXEMBOURG,1998,1763.540290620872
1441,LUXEMBOURG,1999,1626.6996291718172
1442,LUXEMBOURG,2000,1377.8947368421052
1443,LUXEMBOURG,2001,1586.1321776814734
1444,LUXEMBOURG,2002,1464.2516682554815
1445,LUXEMBOURG,2003,1876.5915768854065
1446,LUXEMBOURG,2004,2010.909090909091
1447,LUXEMBOURG,2005,1917.2995780590718
1448,LUXEMBOURG,2006,2126.3837638376385
1449,LUXEMBOURG,2006,2071.0332103321034
1450,LUXEMBOURG,2007,2271.201413427562
1451,LUXEMBOURG,2008,2294.1176470588234
1452,LUXEMBOURG,2009,1889.1336270190895
1453,LUXEMBOURG,2010,1978.981406628941
1454,LUXEMBOURG,2011,1599.5130858186244
1455,LUXEMBOURG,2012,1543.6708860759493
1456,LUXEMBOURG,2012,1483.5443037974683
1457,LUXEMBOURG,2013,1551.1083743842364
1458,LUXEMBOURG,2014,1583.4710743801652
1459,LUXEMBOURG,2014,1539.9449035812672
1460,LUXEMBOURG,2015,1339.6004700352526
1461,LUXEMBOURG,2016,1391.6876574307305
1462,LUXEMBOURG,2017,1232.7365728900256
1463,LUXEMBOURG,2018,1312.7490039840638
1464,LUXEMBOURG,2019,1423.076923076923
1465,LUXEMBOURG,2020,1425.3424657534247
1466,LUXEMBOURG,2021,2140.5733186328557
1467,LUXEMBOURG,2021,2103.638368246968
1468,LUXEMBOURG,2022,1209.6488116353316
1471,MALAYSIA,1995,112.10154054839647
1472,MALAYSIA,1996,110.10157287961256
1473,MALAYSIA,1997,98.98719663672846
1474,MALAYSIA,1998,69.64223011197379
1475,MALAYSIA,1999,75.68956918709479
1476,MALAYSIA,2000,67.96148303419363
1477,MALAYSIA,2001,72.11432354888545
1478,MALAYSIA,2002,87.65820665639858
1479,MALAYSIA,2003,88.38234837427409
1480,MALAYSIA,2004,103.31263613016482
1515,MALTA,2015,394.84978540772534
1516,MALTA,2016,741.8181818181819
1517,MALTA,2017,745.65560821485
1518,MALTA,2018,711.5384615384615
1519,MALTA,2019,684.7545219638243
1522,MALTA,2022,595.68345323741
1551,MEXICO,1995,30.738658394726638
1552,MEXICO,1996,32.742986407842075
1553,MEXICO,1997,36.29175136606926
1554,MEXICO,1998,38.998582375123924
1555,MEXICO,1999,38.68532922143751
1556,MEXICO,2000,43.2080334412421
1557,MEXICO,2001,46.08347072705525
1558,MEXICO,2002,48.62275641282806
1559,MEXICO,2003,50.831199447221884
1560,MEXICO,2004,53.986330806885796
1561,MEXICO,2005,59.19371923484329
1562,MEXICO,2006,66.44703414138434
1563,MEXICO,2007,77.2503195179843
1564,MEXICO,2008,79.68824114807616
1565,MEXICO,2009,73.37011849981675
1566,MEXICO,2010,39.576684941221394
1567,MEXICO,2011,88.88586247205293
1568,MEXICO,2012,48.328051891595074
1569,MEXICO,2013,100.47694053113331
1570,MEXICO,2014,105.58132377832978
1571,MEXICO,2015,106.3081652419253
1572,MEXICO,2016,105.8107053362363
1573,MEXICO,2017,57.49168651119868
1574,MEXICO,2018,65.07919030592436
1575,MEXICO,2019,119.4049690641918
1576,MEXICO,2020,96.37785666740626
1577,MEXICO,2021,78.0380562504738
1578,MEXICO,2022,84.19570069586183
1579,MOROCCO,1995,229.3090356871678
1580,MOROCCO,1996,247.52475247524754
1581,MOROCCO,1997,261.8453865336658
1582,MOROCCO,1998,331.7647058823529
1583,MOROCCO,1999,292.55663430420714
1584,MOROCCO,2000,281.83023872679047
1585,MOROCCO,2001,228.68900646678424
1586,MOROCCO,2002,289.62818003913895
1587,MOROCCO,2003,339.9503722084367
1588,MOROCCO,2004,358.07860262008734
1589,MOROCCO,2005,272.3631508678238
1590,MOROCCO,2006,324.59016393442624
1591,MOROCCO,2007,329.711502435369
1592,MOROCCO,2008,318.62028646594564
1593,MOROCCO,2009,482.33754906236373
1594,MOROCCO,2010,553.1034482758621
1595,MOROCCO,2011,573.170731707317
1596,MOROCCO,2012,539.3887214808437
1597,MOROCCO,2013,600.4555808656037
1598,MOROCCO,2014,787.027027027027
1599,MOROCCO,2015,734.0314136125654
1600,MOROCCO,2016,783.2618025751073
1601,MOROCCO,2017,969.7133585722012
1602,MOROCCO,2018,1027.5611024440977
1603,MOROCCO,2019,1083.1259333001494
1604,MOROCCO,2020,1722.9102167182662
1605,MOROCCO,2021,1386.651323360184
1606,MOROCCO,2022,932.1782178217821
1620,NEPAL,2008,679.144385026738
1621,NEPAL,2009,736.8421052631579
1622,NEPAL,2010,525.4901960784314
1623,NEPAL,2011,413.43669250645996
1624,NEPAL,2012,479.1183294663573
1625,NEPAL,2013,429.29806714140386
1626,NEPAL,2017,654.1353383458646
1627,NETHERLANDS,1995,948.103630309429
1628,NETHERLANDS,1996,958.5382993675333
1629,NETHERLANDS,1997,873.1529009177166
1630,NETHERLANDS,1998,885.7817457389508
1631,NETHERLANDS,1999,848.0682459108855
1632,NETHERLANDS,2000,877.3028209556707
1633,NETHERLANDS,2001,843.81595609962
1634,NETHERLANDS,2002,776.1229738620731
1635,NETHERLANDS,2003,929.3759512937595
1636,NETHERLANDS,2004,954.3490951546994
1637,NETHERLANDS,2005,805.4463290099184
1638,NETHERLANDS,2006,873.7945492662474
1639,NETHERLANDS,2007,985.9613079952063
1640,NETHERLANDS,2008,1076.417196586771
1641,NETHERLANDS,2009,1015.7033805888768
1642,NETHERLANDS,2010,1036.8031358885016
1643,NETHERLANDS,2011,1117.510775862069
1644,NETHERLANDS,2012,1061.735022546704
1645,NETHERLANDS,2013,1143.9151099812093
1646,NETHERLANDS,2014,1176.483712628291
1647,NETHERLANDS,2015,1028.685486170516
1648,NETHERLANDS,2016,986.9435874834729
1649,NETHERLANDS,2017,962.5294995906179
1650,NETHERLANDS,2018,995.1384586054049
1651,NETHERLANDS,2019,928.691313222953
1652,NETHERLANDS,2020,959.8278335724534
1653,NETHERLANDS,2021,910.8697526075339
1654,NETHERLANDS,2022,808.6494426682796
1670,NEW ZEALAND,1995,1368.4782608695652
1671,NEW ZEALAND,1996,1341.262580054895
1672,NEW ZEALAND,1997,1290.636042402827
1673,NEW ZEALAND,1998,1186.106346483705
1674,NEW ZEALAND,1999,1206.7510548523207
1675,NEW ZEALAND,2000,962.5876851130164
1676,NEW ZEALAND,2001,975.1359751359752
1677,NEW ZEALAND,2002,1071.9257540603248
1678,NEW ZEALAND,2003,1200.145560407569
1679,NEW ZEALAND,2004,1286.2088863242932
1680,NEW ZEALAND,2005,1426.8162393162393
1681,NEW ZEALAND,2006,1362.1708758731866
1682,NEW ZEALAND,2007,1555.6117290192112
1683,NEW ZEALAND,2008,1528.2155566853075
1684,NEW ZEALAND,2009,1345.1511991657976
1685,NEW ZEALAND,2010,1500.0
1686,NEW ZEALAND,2011,1651.2404580152672
1687,NEW ZEALAND,2012,1710.4051565377533
1688,NEW ZEALAND,2013,1757.396449704142
1689,NEW ZEALAND,2014,1804.920913884007
1690,NEW ZEALAND,2015,1542.7031509121061
1691,NEW ZEALAND,2016,1535.810034469552
1692,NEW ZEALAND,2017,1564.3182614791447
1693,NEW ZEALAND,2018,1515.1415404871625
1694,NEW ZEALAND,2019,1331.1627906976744
1695,NEW ZEALAND,2020,2835.6164383561645
1697,NEW ZEALAND,2022,1575.8133824432166
1705,NICARAGUA,2002,129.69924812030075
1706,NICARAGUA,2003,133.45195729537366
1707,NICARAGUA,2004,126.96148359486448
1708,NICARAGUA,2005,122.97297297297297
1709,NICARAGUA,2006,175.9379042690815
1710,NICARAGUA,2007,133.82507903055847
1711,NICARAGUA,2008,152.86624203821657
1712,NICARAGUA,2009,156.17715617715618
1713,NICARAGUA,2010,133.25991189427313
1714,NICARAGUA,2011,151.31578947368422
1715,NICARAGUA,2012,138.91726251276813
1716,NICARAGUA,2013,152.91750503018108
1717,NICARAGUA,2014,175.1824817518248
1718,NICARAGUA,2015,168.64864864864865
1719,NICARAGUA,2016,184.50560652395515
1720,NICARAGUA,2017,239.30753564154787
1721,NICARAGUA,2018,224.84599589322383
1722,NICARAGUA,2019,190.72708113804003
1725,NICARAGUA,2022,180.25751072961373
1730,NORWAY,1995,7172.881355932203
1731,NORWAY,1996,6489.884393063584
1732,NORWAY,1997,5907.038512616202
1733,NORWAY,1999,2154.997798326728
1734,NORWAY,2000,1921.8880534670009
1735,NORWAY,2001,1878.1942078364566
1736,NORWAY,2002,1973.7542791936098
1737,NORWAY,2003,2595.0540958268934
1738,NORWAY,2004,2867.9054054054054
1739,NORWAY,2005,3056.8540745420087
1740,NORWAY,2006,3313.0407911001234
1741,NORWAY,2007,3570.2503681885123
1742,NORWAY,2009,1822.4397590361446
1743,NORWAY,2010,1774.9670619235837
1744,NORWAY,2011,1946.248462484625
1745,NORWAY,2012,1794.918918918919
1746,NORWAY,2013,1989.7629310344828
1747,NORWAY,2014,2017.3014145810664
1748,NORWAY,2015,1748.3428571428572
1749,NORWAY,2016,1876.587795765878
1750,NORWAY,2017,1991.3096695226438
1751,NORWAY,2018,2102.589395807645
1752,NORWAY,2019,1812.5984251968505
1753,NORWAY,2020,2489.3491124260354
1754,NORWAY,2021,2180.1075268817203
1755,NORWAY,2022,1971.4488636363637
1756,OMAN,2005,267.62820512820514
1757,OMAN,2006,267.26726726726724
1758,OMAN,2007,255.34804753820035
1759,OMAN,2008,276.1290322580645
1760,OMAN,2009,365.18218623481783
1761,OMAN,2010,353.8352774832096
1762,OMAN,2011,349.59592936246634
1763,OMAN,2012,322.75931520644514
1764,OMAN,2013,331.55080213903744
1765,OMAN,2014,350.11635286651153
1766,OMAN,2015,326.14306784660766
1767,OMAN,2016,362.25008471704507
1768,OMAN,2017,366.67713567839195
1769,OMAN,2018,425.43933054393307
1770,OMAN,2019,397.2561435248002
1771,OMAN,2020,480.3862401931201
1772,OMAN,2021,474.089276552078
1792,PANAMA,2013,1392.568659127625
1793,PANAMA,2014,1104.337631887456
1794,PANAMA,2015,1093.2642487046633
1795,PANAMA,2016,1088.4871550903902
1796,PANAMA,2017,1059.8388952819332
1797,PANAMA,2018,1160.7843137254902
1798,PANAMA,2019,1159.8694942903753
1800,PANAMA,2021,1181.8181818181818
1801,PANAMA,2022,1170.3877790834313
1829,PARAGUAY,2015,701.3888888888889
1830,PARAGUAY,2016,488.35662009314706
1831,PARAGUAY,2017,417.66858337689496
1832,PARAGUAY,2018,434.1126461211477
1833,PARAGUAY,2019,433.42175066312996
1836,PARAGUAY,2022,508.9078233927188
1837,PERU,1995,584.6456692913385
1838,PERU,1996,686.2745098039215
1839,PERU,1997,752.1663778162912
1840,PERU,1998,842.007434944238
1841,PERU,1999,863.5477582846004
1842,PERU,2000,579.4520547945206
1843,PERU,2001,515.0943396226415
1844,PERU,2002,491.8831168831169
1845,PERU,2003,460.48850574712645
1846,PERU,2004,393.27217125382265
1847,PERU,2005,408.4736556219446
1848,PERU,2006,430.26386645126547
1849,PERU,2007,505.48302872062663
1850,PERU,2008,586.5133298484056
1851,PERU,2009,575.3569539925965
1852,PERU,2010,620.0194363459669
1853,PERU,2011,636.0225140712946
1854,PERU,2012,626.7421602787457
1855,PERU,2013,673.434856175973
1856,PERU,2014,650.6961506961507
1857,PERU,2015,724.0847784200386
1858,PERU,2016,742.2755361686659
1859,PERU,2017,762.0869565217391
1860,PERU,2018,846.0038986354775
1861,PERU,2019,1107.4809160305344
1862,PERU,2019,847.3282442748092
1863,PERU,2020,926.6750948166878
1864,PERU,2021,1862.2366288492706
1865,PERU,2022,1106.6540821142048
1866,PHILIPPINES,1995,261.3003095975232
1867,PHILIPPINES,1996,596.8882602545968
1868,PHILIPPINES,1997,1002.5906735751296
1869,PHILIPPINES,1998,1073.1975784259769
1870,PHILIPPINES,1999,914.5299145299145
1871,PHILIPPINES,2000,983.2335329341317
1872,PHILIPPINES,2001,957.47062115277
1873,PHILIPPINES,2002,825.7998984255968
1874,PHILIPPINES,2003,783.69384359401
1875,PHILIPPINES,2004,664.0625
1876,PHILIPPINES,2005,1407.6492537313434
1877,PHILIPPINES,2006,1003.2786885245902
1878,PHILIPPINES,2007,988.2583170254403
1879,PHILIPPINES,2008,1129.359165424739
1880,PHILIPPINES,2009,1151.5056461731492
1881,PHILIPPINES,2014,3038.4174311926604
1882,PHILIPPINES,2015,2217.5953079178885
1883,PHILIPPINES,2016,1952.4811502717869
1884,POLAND,1995,151.15288427185533
1885,POLAND,1996,139.55672846823072
1886,POLAND,1997,118.28841802098334
1887,POLAND,1998,89.80700616282842
1888,POLAND,1999,65.33931067027243
1889,POLAND,2000,58.48933429786333
1890,POLAND,2001,65.81077519671699
1891,POLAND,2002,72.77490398064072
1892,POLAND,2003,79.65401497547121
1893,POLAND,2004,128.10938591307152
1894,POLAND,2005,135.64800078352636
1895,POLAND,2006,161.42384105960264
1896,POLAND,2007,162.96966001555896
1897,POLAND,2008,197.00256752184384
1898,POLAND,2009,187.57321110262288
1899,POLAND,2010,195.46304957904584
1900,POLAND,2011,190.68638779755025
1901,POLAND,2012,176.84820873886932
1902,POLAND,2013,163.65538227462915
1903,POLAND,2014,240.31073446327684
1904,POLAND,2015,173.8374717832957
1905,POLAND,2016,176.98876404494382
1906,POLAND,2017,189.48608137044968
1907,POLAND,2018,197.65432098765433
1908,POLAND,2019,183.3596837944664
1909,POLAND,2020,197.13075150524045
1910,POLAND,2021,236.87035507844757
1911,POLAND,2022,225.93931492236578
1912,PORTUGAL,2004,161.25080217023512
1913,PORTUGAL,2005,168.36002208724463
1914,PORTUGAL,2006,181.84786157362063
1915,PORTUGAL,2007,187.62208776025537
1916,PORTUGAL,2012,2779.5738427626743
1917,PORTUGAL,2013,2618.7919463087246
1918,PORTUGAL,2014,2763.648468708389
1919,PORTUGAL,2015,1951.9281563655572
1920,PORTUGAL,2016,2026.7903142709943
1921,PORTUGAL,2017,2096.127562642369
1922,PORTUGAL,2018,2170.555108608206
1923,PORTUGAL,2019,1848.0645161290322
1924,PORTUGAL,2020,4617.64705882353
1925,PORTUGAL,2021,4159.090909090909
1926,PORTUGAL,2022,2165.976665412119
1927,PUERTO RICO,1995,673.4033953112369
1928,PUERTO RICO,1996,693.4121621621622
1929,PUERTO RICO,1997,694.6442845723421
1930,PUERTO RICO,1998,699.2
1931,PUERTO RICO,1999,718.694885361552
1932,PUERTO RICO,2000,739.4757744241462
1933,PUERTO RICO,2001,754.3200601051841
1934,PUERTO RICO,2002,756.3162184189079
1935,PUERTO RICO,2003,774.37106918239
1936,PUERTO RICO,2004,797.2079353416606
1937,PUERTO RICO,2005,810.6382978723404
1938,PUERTO RICO,2006,820.8446866485014
1939,PUERTO RICO,2007,827.2033310201249
1940,PUERTO RICO,2008,843.5326842837273
1941,PUERTO RICO,2009,823.4767025089606
1942,PUERTO RICO,2010,825.5102040816327
1943,PUERTO RICO,2011,883.1168831168832
1944,PUERTO RICO,2012,898.4018264840182
1945,PUERTO RICO,2013,932.061978545888
1946,PUERTO RICO,2014,962.1689785624212
1947,PUERTO RICO,2015,892.7613941018767
1948,PUERTO RICO,2016,912.5475285171103
1949,PUERTO RICO,2017,905.6122448979592
1950,PUERTO RICO,2018,796.1696306429549
1951,PUERTO RICO,2019,933.420365535248
1952,PUERTO RICO,2020,905.5232558139535
1953,PUERTO RICO,2021,939.3019726858877
1954,PUERTO RICO,2022,1011.9705340699816
1955,ROMANIA,1995,121.49206902562315
1956,ROMANIA,1996,115.69241475295755
1957,ROMANIA,1997,109.0821720326766
1958,ROMANIA,1998,66.44421877266792
1959,ROMANIA,1999,64.07395600892572
1960,ROMANIA,2000,66.53099561678147
1961,ROMANIA,2001,70.06866416978777
1962,ROMANIA,2002,68.78582595101615
1963,ROMANIA,2003,73.72633523164538
1964,ROMANIA,2004,77.30923694779116
1965,ROMANIA,2005,129.27170868347338
1966,ROMANIA,2006,146.86728048506626
1967,ROMANIA,2007,140.34608378870675
1968,ROMANIA,2008,166.30966952264382
1969,ROMANIA,2009,125.30922118911542
1970,ROMANIA,2010,150.11462631820265
1971,ROMANIA,2011,179.68178493050476
1972,ROMANIA,2012,164.31966992555385
1973,ROMANIA,2013,176.43435410066877
1974,ROMANIA,2014,203.67509553622244
1975,ROMANIA,2015,170.52904406159476
1976,ROMANIA,2016,159.22619047619048
1977,ROMANIA,2017,219.36550894602314
1978,ROMANIA,2018,253.24397547411948
1979,ROMANIA,2019,259.94970952917714
1980,ROMANIA,2020,323.7644584647739
1981,ROMANIA,2021,447.47917203469893
1982,ROMANIA,2022,447.6107732406603
1983,RUSSIAN FEDERATION,1995,543.8135871348868
1984,RUSSIAN FEDERATION,1996,816.557911908646
1985,RUSSIAN FEDERATION,1997,904.3999284564478
1986,RUSSIAN FEDERATION,1998,815.890926187118
1987,RUSSIAN FEDERATION,1999,561.8715857810149
1988,RUSSIAN FEDERATION,2000,481.62865385662184
1989,RUSSIAN FEDERATION,2001,514.9750415973377
1990,RUSSIAN FEDERATION,2002,534.4625024476209
1991,RUSSIAN FEDERATION,2003,626.0937196188995
1992,RUSSIAN FEDERATION,2004,623.6993512057779
1993,RUSSIAN FEDERATION,2005,597.2691441441441
1994,RUSSIAN FEDERATION,2006,600.6802487374171
1995,RUSSIAN FEDERATION,2007,595.7124106752224
1996,RUSSIAN FEDERATION,2008,634.1069571405112
1997,RUSSIAN FEDERATION,2009,613.2279145757965
1998,RUSSIAN FEDERATION,2010,678.8139256923429
1999,RUSSIAN FEDERATION,2011,752.4584915153456
2000,RUSSIAN FEDERATION,2012,895.1122079769101
2001,RUSSIAN FEDERATION,2013,988.607150122991
2002,RUSSIAN FEDERATION,2014,1098.9125934319773
2003,RUSSIAN FEDERATION,2015,1011.0564399421129
2004,RUSSIAN FEDERATION,2016,756.5621150383777
2005,RUSSIAN FEDERATION,2017,783.7189936662545
2006,RUSSIAN FEDERATION,2018,816.6761986464588
2007,RUSSIAN FEDERATION,2019,797.5292300904479
2008,RUSSIAN FEDERATION,2020,739.8268748483132
2028,SAUDI ARABIA,2002,933.3839918946302
2029,SAUDI ARABIA,2003,1014.8635477582847
2030,SAUDI ARABIA,2004,1045.819555975437
2031,SAUDI ARABIA,2005,1814.1345577959673
2032,SAUDI ARABIA,2006,2778.6341254549347
2033,SAUDI ARABIA,2007,4187.253477268009
2034,SAUDI ARABIA,2008,3215.5154091392137
2035,SAUDI ARABIA,2009,3157.414566259471
2036,SAUDI ARABIA,2010,1134.765100671141
2037,SAUDI ARABIA,2011,1088.622754491018
2038,SAUDI ARABIA,2012,423.78451044337675
2039,SAUDI ARABIA,2013,783.6698469048147
2040,SAUDI ARABIA,2014,540.2172695710606
2041,SAUDI ARABIA,2015,772.1721082461883
2042,SAUDI ARABIA,2016,603.1573611412847
2043,SAUDI ARABIA,2017,610.5468206483929
2044,SAUDI ARABIA,2018,607.1467639015497
2045,SAUDI ARABIA,2019,556.699514634505
2046,SAUDI ARABIA,2020,664.1381900112655
2047,SAUDI ARABIA,2021,1140.2884435287508
2048,SAUDI ARABIA,2022,327.9411461660519
2116,SINGAPORE,1995,1626.4387861876526
2117,SINGAPORE,1996,1517.3978819969743
2118,SINGAPORE,1997,1187.1424679923728
2119,SINGAPORE,1998,860.3471295060081
2120,SINGAPORE,1999,1061.9491312012087
2121,SINGAPORE,2000,1020.4770477047705
2122,SINGAPORE,2001,1512.720605088242
2123,SINGAPORE,2002,1866.7879063423504
2124,SINGAPORE,2003,1985.7853589196873
2125,SINGAPORE,2004,1798.838334946757
2126,SINGAPORE,2005,1951.928668346579
2127,SINGAPORE,2006,2036.508223386951
2128,SINGAPORE,2007,2241.533864541833
2129,SINGAPORE,2008,2393.087287639133
2130,SINGAPORE,2009,2255.9977014796723
2131,SINGAPORE,2010,2546.989921002452
2132,SINGAPORE,2011,2762.801496195021
2133,SINGAPORE,2012,2875.124254473161
2134,SINGAPORE,2013,2822.5974326355963
2135,SINGAPORE,2014,2869.482197012243
2136,SINGAPORE,2015,2592.5479452054797
2137,SINGAPORE,2016,2526.071353177116
2138,SINGAPORE,2017,2512.2863788047325
2139,SINGAPORE,2018,2553.093081518597
2140,SINGAPORE,2019,2525.2544113528147
2141,SINGAPORE,2020,4594.944912508101
2142,SINGAPORE,2021,4968.787515006003
2143,SINGAPORE,2022,2966.239813736903
2144,SLOVAKIA,2005,282.55775025108807
2145,SLOVAKIA,2006,336.61479834868214
2146,SLOVAKIA,2007,425.4787676935887
2147,SLOVAKIA,2008,608.1998370893293
2148,SLOVAKIA,2009,650.1547987616099
2149,SLOVAKIA,2010,722.1396731054978
2150,SLOVAKIA,2011,665.7534246575342
2151,SLOVAKIA,2012,795.8348828560803
2152,SLOVAKIA,2013,1111.7895725692813
2153,SLOVAKIA,2014,1009.1438071487947
2154,SLOVAKIA,2015,765.5743608210299
2155,SLOVAKIA,2016,723.7479806138933
2156,SLOVAKIA,2017,622.9974160206718
2157,SLOVAKIA,2018,562.4195624195625
2158,SLOVAKIA,2019,496.16417337936326
2159,SLOVAKIA,2020,1364.942528735632
2160,SLOVAKIA,2021,949.4238156209988
2161,SLOVENIA,2000,260.05089058524175
2162,SLOVENIA,2001,256.93430656934305
2163,SLOVENIA,2002,285.8486130700517
2164,SLOVENIA,2003,356.1967833491012
2165,SLOVENIA,2004,310.0
2166,SLOVENIA,2005,141.0332541567696
2167,SLOVENIA,2006,143.08776049310242
2168,SLOVENIA,2007,205.42287663853475
2169,SLOVENIA,2008,247.35883424408016
2170,SLOVENIA,2009,285.73991031390136
2171,SLOVENIA,2010,276.96629213483146
2172,SLOVENIA,2011,306.5247388133254
2173,SLOVENIA,2012,304.3673012318029
2174,SLOVENIA,2013,319.14414414414415
2175,SLOVENIA,2014,318.4931506849315
2176,SLOVENIA,2015,250.76390303524138
2177,SLOVENIA,2016,274.4082840236686
2178,SLOVENIA,2016,241.30917159763314
2179,SLOVENIA,2017,278.37338262476896
2180,SLOVENIA,2018,322.24070992789797
2181,SLOVENIA,2019,277.40122334270126
2182,SLOVENIA,2020,484.6723044397463
2183,SLOVENIA,2021,456.1056105610561
2184,SLOVENIA,2022,380.7911994922784
2185,SPAIN,1995,1244.2434210526317
2186,SPAIN,1996,1197.2064393939395
2187,SPAIN,1997,1176.1306532663316
2188,SPAIN,1998,1103.0454735085523
2189,SPAIN,1999,1678.8860471724922
2190,SPAIN,2000,1455.8536585365853
2191,SPAIN,2001,1590.7223967141822
2192,SPAIN,2002,1904.4174631878068
2193,SPAIN,2003,2240.351734245237
2194,SPAIN,2004,2400.898262058192
2195,SPAIN,2005,1449.6368501529053
2196,SPAIN,2006,1576.1378535306237
2197,SPAIN,2007,1563.1442284994885
2198,SPAIN,2008,1575.1418494095997
2199,SPAIN,2009,1246.6191653337212
2200,SPAIN,2010,1187.4561526589027
2201,SPAIN,2011,1090.5042649272455
2202,SPAIN,2012,1032.1131670689192
2203,SPAIN,2013,1223.2395414619623
2204,SPAIN,2014,1288.4174311926606
2205,SPAIN,2015,988.8794326241135
2206,SPAIN,2016,1028.7793401542922
2207,SPAIN,2017,1102.1998618920786
2208,SPAIN,2018,1181.3613317180418
2209,SPAIN,2019,1215.1998597475456
2210,SPAIN,2020,1382.1359846055163
2211,SPAIN,2021,1431.8341531974702
2212,SPAIN,2022,1153.6185832465897
2213,SRI LANKA,1995,369.04761904761904
2215,SRI LANKA,1997,338.9830508474576
2216,SRI LANKA,1998,389.96138996138995
2218,SRI LANKA,2000,458.01526717557255
2219,SRI LANKA,2001,495.0495049504951
2220,SRI LANKA,2002,493.43339587242025
2221,SRI LANKA,2003,497.32620320855614
2222,SRI LANKA,2004,435.29411764705884
2223,SRI LANKA,2005,431.91196698762036
2224,SRI LANKA,2006,492.7344782034346
2225,SRI LANKA,2007,455.91647331786544
2226,SRI LANKA,2008,443.064182194617
2227,SRI LANKA,2009,426.791277258567
2228,SRI LANKA,2010,403.7433155080214
2229,SRI LANKA,2011,404.3583535108959
2230,SRI LANKA,2012,559.4956658786446
2231,SRI LANKA,2013,941.3629160063391
2232,SRI LANKA,2014,963.3867276887872
2233,SRI LANKA,2015,1047.197640117994
2234,SRI LANKA,2016,1064.9171270718232
2235,SRI LANKA,2017,1111.1883252258513
2236,SRI LANKA,2018,1124.6612466124661
2237,SRI LANKA,2019,1136.7106176266482
2240,SRI LANKA,2022,216.31205673758865
2242,SWEDEN,1995,537.9678088278858
2243,SWEDEN,1996,601.8286814244466
2244,SWEDEN,1997,602.5143279718986
2245,SWEDEN,1998,675.8010856242339
2246,SWEDEN,1999,764.0
2247,SWEDEN,2000,793.1408298019119
2248,SWEDEN,2001,644.3534121590169
2249,SWEDEN,2002,566.495965238982
2250,SWEDEN,2003,655.8621234880228
2251,SWEDEN,2004,728.673835125448
2252,SWEDEN,2005,638.7701728647063
2253,SWEDEN,2006,784.457361254877
2254,SWEDEN,2007,931.4528837062717
2255,SWEDEN,2008,963.4339026408848
2256,SWEDEN,2009,901.9574322591675
2257,SWEDEN,2010,929.7653734089863
2258,SWEDEN,2011,955.4296635041977
2259,SWEDEN,2012,897.4787754051968
2260,SWEDEN,2013,889.1122699001068
2261,SWEDEN,2017,680.9366665159803
2262,SWEDEN,2018,787.6021866693414
2263,SWEDEN,2019,752.7936624521274
2264,SWEDEN,2020,1009.8667982239763
2265,SWEDEN,2021,1098.6211424819435
2266,SWITZERLAND,1995,665.5902404018658
2267,SWITZERLAND,1996,632.2858801094436
2268,SWITZERLAND,1997,558.2900519376748
2269,SWITZERLAND,1998,573.0384324278866
2270,SWITZERLAND,1999,488.10833685992384
2271,SWITZERLAND,2000,469.44444444444446
2272,SWITZERLAND,2001,471.7846633200623
2273,SWITZERLAND,2002,511.1577841953269
2274,SWITZERLAND,2003,224.0499323576436
2275,SWITZERLAND,2008,658.585626472109
2276,SWITZERLAND,2009,697.7968768914175
2277,SWITZERLAND,2010,371.1680553372111
2278,SWITZERLAND,2011,766.9534012348937
2279,SWITZERLAND,2012,394.5299987680177
2280,SWITZERLAND,2013,838.5460276806383
2281,SWITZERLAND,2014,448.1558978495979
2282,SWITZERLAND,2015,389.46867996287324
2283,SWITZERLAND,2016,818.1649331352155
2284,SWITZERLAND,2017,849.8287442729415
2285,SWITZERLAND,2018,776.3307830050464
2286,SWITZERLAND,2019,952.3160074758802
2287,SWITZERLAND,2020,654.5893719806763
2288,SWITZERLAND,2021,1147.3829201101928
2289,SWITZERLAND,2022,1044.6169380285246
2290,SYRIAN ARAB REPUBLIC,1995,285.2233676975945
2291,SYRIAN ARAB REPUBLIC,1996,274.1849278460716
2292,SYRIAN ARAB REPUBLIC,1997,237.05959112657678
2293,SYRIAN ARAB REPUBLIC,1998,241.80837826627956
2294,SYRIAN ARAB REPUBLIC,1999,210.7548430193721
2295,SYRIAN ARAB REPUBLIC,2000,173.18146518250066
2296,SYRIAN ARAB REPUBLIC,2001,191.86712485681556
2297,SYRIAN ARAB REPUBLIC,2002,230.37284025462262
2298,SYRIAN ARAB REPUBLIC,2003,175.13134851138355
2299,SYRIAN ARAB REPUBLIC,2004,150.84706428405661
2300,SYRIAN ARAB REPUBLIC,2005,120.50832602979843
2301,SYRIAN ARAB REPUBLIC,2006,133.59722909450767
2302,SYRIAN ARAB REPUBLIC,2007,153.71782650142993
2303,SYRIAN ARAB REPUBLIC,2008,152.29392727964972
2304,SYRIAN ARAB REPUBLIC,2009,169.1275167785235
2305,SYRIAN ARAB REPUBLIC,2010,241.25259626138362
2306,TAIWAN PROVINCE OF CHINA,1995,1629.7937945654269
2307,TAIWAN PROVINCE OF CHINA,1996,1426.6713335666784
2308,TAIWAN PROVINCE OF CHINA,1997,1330.4122038299254
2309,TAIWAN PROVINCE OF CHINA,1998,1240.020297699594
2310,TAIWAN PROVINCE OF CHINA,1999,1127.9158408293947
2311,TAIWAN PROVINCE OF CHINA,2000,1106.1536362395962
2312,TAIWAN PROVINCE OF CHINA,2001,1023.2070459946875
2313,TAIWAN PROVINCE OF CHINA,2002,950.4030605273945
2314,TAIWAN PROVINCE OF CHINA,2003,1094.0401823400305
2315,TAIWAN PROVINCE OF CHINA,2004,1049.9935740907338
2316,TAIWAN PROVINCE OF CHINA,2005,1057.748538011696
2317,TAIWAN PROVINCE OF CHINA,2006,1008.6495213931496
2318,TAIWAN PROVINCE OF CHINA,2007,1011.8250780901383
2319,TAIWAN PROVINCE OF CHINA,2008,1076.9049025398701
2320,TAIWAN PROVINCE OF CHINA,2009,957.8779319661058
2321,TAIWAN PROVINCE OF CHINA,2010,993.8396176314392
2322,TAIWAN PROVINCE OF CHINA,2011,1055.0918196994992
2323,TAIWAN PROVINCE OF CHINA,2012,1038.0859375
2324,TAIWAN PROVINCE OF CHINA,2013,1113.7247806025514
2325,TAIWAN PROVINCE OF CHINA,2014,1181.680033769523
2326,TAIWAN PROVINCE OF CHINA,2015,1175.9083668360768
2327,TAIWAN PROVINCE OF CHINA,2016,1136.0614161354445
2328,TAIWAN PROVINCE OF CHINA,2017,1150.9421909932928
2329,TAIWAN PROVINCE OF CHINA,2018,1167.1973565635326
2330,TAIWAN PROVINCE OF CHINA,2019,1198.7603064148295
2331,TAIWAN PROVINCE OF CHINA,2020,1303.9383561643835
2333,TAIWAN PROVINCE OF CHINA,2022,2095.751854349292
2334,THAILAND,1995,2346.703296703297
2335,THAILAND,1996,2323.0352303523036
2336,THAILAND,1997,2057.8313253012047
2337,THAILAND,1998,1388.1019830028329
2338,THAILAND,1999,1494.8640483383685
2339,THAILAND,2000,1452.0691461498166
2340,THAILAND,2001,1454.0029835902535
2341,THAILAND,2002,1468.0
2342,THAILAND,2003,1357.3420074349442
2343,THAILAND,2004,1666.297526762643
2344,THAILAND,2005,1248.1128979323926
2345,THAILAND,2006,1359.846244825547
2346,THAILAND,2007,1280.238924838228
2347,THAILAND,2008,1282.4974411463663
2348,THAILAND,2009,951.859015688803
2349,THAILAND,2010,1032.2876536415336
2350,THAILAND,2011,1059.2921993700204
2351,THAILAND,2012,1092.1167628037056
2352,THAILAND,2013,1085.5946398659967
2353,THAILAND,2014,1097.2998137802608
2354,THAILAND,2015,1136.0023550191345
2355,THAILAND,2016,1105.8020477815699
2356,THAILAND,2017,1171.9290416155304
2357,THAILAND,2018,1212.4222356010434
2358,THAILAND,2019,1182.7493777522498
2359,THAILAND,2020,2573.8569753810084
2369,TUNISIA,1995,141.16985376827895
2370,TUNISIA,1996,175.7703081232493
2371,TUNISIA,1997,170.16654598117307
2372,TUNISIA,1998,153.99737876802098
2373,TUNISIA,1999,161.48648648648648
2374,TUNISIA,2000,161.15196078431373
2375,TUNISIA,2001,163.57100059916118
2376,TUNISIA,2002,134.08973697782363
2377,TUNISIA,2003,131.92612137203167
2378,TUNISIA,2004,147.05882352941177
2379,TUNISIA,2005,166.88978134761268
2380,TUNISIA,2006,178.1059947871416
2381,TUNISIA,2007,159.31461903025885
2382,TUNISIA,2008,146.88903143040412
2383,TUNISIA,2009,158.21578345406024
2384,TUNISIA,2010,243.11111111111111
2385,TUNISIA,2011,263.56925749023014
2386,TUNISIA,2012,204.69451156368658
2387,TUNISIA,2013,234.94604942568745
2388,TUNISIA,2014,258.2480091012514
2389,TUNISIA,2016,409.2896174863388
2390,TUNISIA,2018,343.5387673956262
2391,TUNISIA,2019,286.9471413160733
2392,TUNISIA,2020,500.6765899864682
2393,TUNISIA,2021,255.1487414187643
2394,TUNISIA,2022,233.85636692818346
2407,UGANDA,2014,369.86301369863014
2408,UGANDA,2015,355.64053537284894
2409,UGANDA,2016,366.19718309859155
2410,UGANDA,2017,380.10657193605687
2414,UKRAINE,1995,32.05128205128205
2415,UKRAINE,1996,51.299133910726184
2416,UKRAINE,1997,31.66528239202658
2417,UKRAINE,1998,43.74115528110125
2418,UKRAINE,1999,49.195837275307476
2419,UKRAINE,2000,35.01713604529876
2420,UKRAINE,2001,38.11704491884976
2421,UKRAINE,2002,44.60587955733587
2422,UKRAINE,2003,53.32882730652248
2423,UKRAINE,2004,158.0061585835258
2424,UKRAINE,2005,170.47526437340466
2425,UKRAINE,2006,167.94074074074075
2426,UKRAINE,2007,199.7649166013657
2427,UKRAINE,2008,249.87577639751552
2428,UKRAINE,2009,208.63354426414386
2429,UKRAINE,2010,210.923848712023
2430,UKRAINE,2011,219.3754610277846
2431,UKRAINE,2012,234.61273270512527
2432,UKRAINE,2013,240.24512256128065
2433,UKRAINE,2014,223.5720280955957
2434,UKRAINE,2015,218.58930407953378
2435,UKRAINE,2016,236.66058828193135
2436,UKRAINE,2017,263.08789300624375
2437,UKRAINE,2018,282.3390642313329
2438,UKRAINE,2019,290.22694745450826
2439,UKRAINE,2020,416.94071638076616
2440,UKRAINE,2021,424.4873013717235
2441,UKRAINE,2022,1271.5747474097432
2442,UNITED ARAB EMIRATES,2015,371.98513177384643
2443,UNITED ARAB EMIRATES,2016,731.631781290047
2444,UNITED ARAB EMIRATES,2017,748.2243188805259
2445,UNITED ARAB EMIRATES,2018,759.371540043233
2446,UNITED ARAB EMIRATES,2019,777.8483021263091
2447,UNITED ARAB EMIRATES,2020,934.2726639312534
2448,UNITED ARAB EMIRATES,2021,1159.0314575088873
2449,UNITED KINGDOM,1995,602.8782198572983
2450,UNITED KINGDOM,1996,617.4078478002378
2451,UNITED KINGDOM,1997,620.7759427290729
2452,UNITED KINGDOM,1998,657.5719452744142
2453,UNITED KINGDOM,1999,776.433251053247
2454,UNITED KINGDOM,2000,741.2776888294596
2455,UNITED KINGDOM,2001,724.4213380003774
2456,UNITED KINGDOM,2002,792.9332906681038
2457,UNITED KINGDOM,2003,878.8584266736129
2458,UNITED KINGDOM,2004,980.3564196030782
2459,UNITED KINGDOM,2005,996.3304959846001
2460,UNITED KINGDOM,2006,992.3061435803037
2461,UNITED KINGDOM,2007,1143.4557235421166
2462,UNITED KINGDOM,2008,1131.0660619321557
2463,UNITED KINGDOM,2009,997.1816793412372
2464,UNITED KINGDOM,2010,1016.0100236669915
2465,UNITED KINGDOM,2011,1014.2681463262857
2466,UNITED KINGDOM,2012,1032.7709473810164
2467,UNITED KINGDOM,2013,1027.1465653504256
2468,UNITED KINGDOM,2014,1098.1801562240319
2469,UNITED KINGDOM,2015,998.5957046599415
2470,UNITED KINGDOM,2016,918.6369362868011
2471,UNITED KINGDOM,2017,882.2356204580362
2472,UNITED KINGDOM,2018,939.3293659118261
2473,UNITED KINGDOM,2019,923.3182218593558
2474,UNITED KINGDOM,2020,1028.2452679733076
2475,UNITED KINGDOM,2021,1564.7790199561175
2476,UNITED KINGDOM,2022,1145.2791294470699
2477,UNITED STATES OF AMERICA,1995,626.4807985843768
2478,UNITED STATES OF AMERICA,1996,646.7455698345117
2479,UNITED STATES OF AMERICA,1997,685.6181750997057
2480,UNITED STATES OF AMERICA,1998,706.2882138282704
2481,UNITED STATES OF AMERICA,1999,696.2857818784007
2482,UNITED STATES OF AMERICA,2000,729.4738158298569
2483,UNITED STATES OF AMERICA,2001,714.117161229426
2484,UNITED STATES OF AMERICA,2002,729.6588900016072
2485,UNITED STATES OF AMERICA,2003,807.1164997364259
2486,UNITED STATES OF AMERICA,2004,882.9577553198167
2487,UNITED STATES OF AMERICA,2005,935.5677586315722
2488,UNITED STATES OF AMERICA,2006,527.7283990519285
2489,UNITED STATES OF AMERICA,2007,588.5097924666757
2490,UNITED STATES OF AMERICA,2008,619.306788885706
2491,UNITED STATES OF AMERICA,2009,317.3620219472512
2492,UNITED STATES OF AMERICA,2010,700.5198479938144
2493,UNITED STATES OF AMERICA,2011,759.25812304429
2494,UNITED STATES OF AMERICA,2012,776.5905320255482
2495,UNITED STATES OF AMERICA,2013,383.80243127806375
2496,UNITED STATES OF AMERICA,2014,395.4200166798818
2497,UNITED STATES OF AMERICA,2015,392.6552591923998
2498,UNITED STATES OF AMERICA,2016,771.2787756313328
2499,UNITED STATES OF AMERICA,2017,796.5753655982978
2500,UNITED STATES OF AMERICA,2018,793.4488308245764
2501,UNITED STATES OF AMERICA,2019,772.1991458491781
2502,UNITED STATES OF AMERICA,2020,556.6143682906688
2503,URUGUAY,1997,469.7508896797153
2504,URUGUAY,1998,405.1987767584098
2505,URUGUAY,1999,359.8971722365039
2506,URUGUAY,2000,421.28935532233885
2507,URUGUAY,2001,483.9924670433145
2508,URUGUAY,2002,335.8490566037736
2510,URUGUAY,2004,340.94903339191563
2511,URUGUAY,2005,382.97872340425533
2512,URUGUAY,2006,319.8198198198198
2513,URUGUAY,2007,376.37795275590554
2514,URUGUAY,2008,487.7384196185286
2515,URUGUAY,2009,406.77966101694915
2516,URUGUAY,2010,407.9844206426485
2517,URUGUAY,2011,419.8174706649283
2518,URUGUAY,2012,483.48017621145374
2519,URUGUAY,2013,567.2950460324419
2520,URUGUAY,2014,547.1619365609349
2521,URUGUAY,2015,522.3274695534506
2522,URUGUAY,2016,498.54227405247815
2523,URUGUAY,2017,556.7356064840693
2524,URUGUAY,2018,530.5598356445814
2525,URUGUAY,2019,550.2501136880401
2527,UZBEKISTAN,2005,916.083916083916
2528,UZBEKISTAN,2006,605.8230683090705
2529,UZBEKISTAN,2007,669.0705128205128
2530,UZBEKISTAN,2008,742.6086956521739
2531,UZBEKISTAN,2009,796.5072133637054
2532,UZBEKISTAN,2010,642.2360248447205
2533,UZBEKISTAN,2013,484.11934552454284
2534,UZBEKISTAN,2014,400.21536252692033
2535,UZBEKISTAN,2015,456.60269263821255
2536,UZBEKISTAN,2016,359.14760914760916
2537,UZBEKISTAN,2017,314.7433423388653
2538,UZBEKISTAN,2018,260.9960437514545
2539,UZBEKISTAN,2019,277.5868199597013
2571,VENEZUELA,1995,3209.7378277153557
2572,VENEZUELA,1996,4369.86301369863
2574,VENEZUELA,1998,1184.840425531915
2575,VENEZUELA,1999,1377.9840848806366
2576,VENEZUELA,2000,1109.014675052411
2577,VENEZUELA,2001,1187.5669882100751
2578,VENEZUELA,2002,1113.5073779795687
2579,VENEZUELA,2003,1032.451923076923
2580,VENEZUELA,2004,1319.8529411764705
2581,VENEZUELA,2005,1195.8762886597938
2582,VENEZUELA,2006,1122.3744292237443
2583,VENEZUELA,2007,1093.6170212765958
2584,VENEZUELA,2008,1037.2492836676217
2585,VENEZUELA,2009,1147.7892186553604
2586,VENEZUELA,2010,1362.8977657413677
2587,VENEZUELA,2011,1503.199534613147
2588,VENEZUELA,2012,1520.7612456747404
2589,VENEZUELA,2013,1672.7084412221648
2590,VENEZUELA,2014,1528.0050346129642
2591,VENEZUELA,2015,1365.1721897335933
2592,VENEZUELA,2016,1184.313725490196
2597,ZIMBABWE,2009,174.32646592709983
2598,ZIMBABWE,2010,201.53846153846155
2599,ZIMBABWE,2011,329.004329004329
2600,ZIMBABWE,2012,377.77777777777777
2601,ZIMBABWE,2013,114.39239646978955
2602,ZIMBABWE,2014,107.47957259585166
2603,ZIMBABWE,2015,140.28882994400234
2604,ZIMBABWE,2016,102.44360902255639
2605,ZIMBABWE,2017,113.80057803468208
2606,ZIMBABWE,2018,108.39160839160839
2607,ZIMBABWE,2019,62.29007633587786
2608,ZIMBABWE,2020,135.95166163141994
